source,target,weight
1,5,380
1,8,206
1,10,188
1,16,311
1,20,65
1,28,6
1,29,203
1,34,219
1,36,148
1,43,27
1,48,75
1,49,252
1,54,398
1,56,255
1,71,344
1,74,361
1,75,251
1,80,46
1,86,253
1,89,199
1,96,176
1,102,366
1,120,273
1,122,133
1,127,381
1,133,298
1,136,262
1,139,34
1,143,157
1,144,130
1,149,124
1,151,93
1,152,185
1,153,11
1,158,351
1,159,153
1,161,143
1,163,166
1,166,64
1,171,383
1,175,135
1,182,136
1,186,183
1,192,26
1,196,309
1,199,144
2,1,359
2,4,282
2,5,382
2,15,99
2,16,188
2,18,392
2,21,34
2,22,275
2,23,359
2,34,301
2,37,99
2,45,211
2,47,240
2,49,37
2,51,10
2,56,17
2,68,154
2,69,335
2,83,202
2,85,52
2,88,140
2,89,351
2,90,395
2,91,11
2,110,244
2,120,361
2,122,129
2,123,229
2,131,218
2,134,333
2,136,202
2,140,280
2,148,302
2,164,323
2,166,97
2,168,10
2,172,171
2,174,327
2,175,298
2,176,205
2,179,189
2,183,324
2,185,193
2,193,174
2,196,380
2,199,369
3,7,311
3,10,369
3,11,22
3,14,156
3,16,251
3,17,293
3,19,134
3,23,36
3,24,15
3,34,330
3,42,134
3,43,9
3,45,244
3,49,155
3,52,386
3,53,234
3,56,381
3,58,193
3,60,371
3,61,162
3,65,266
3,66,182
3,67,84
3,69,309
3,75,253
3,88,356
3,97,84
3,98,89
3,101,162
3,105,214
3,111,247
3,115,171
3,117,162
3,134,397
3,144,8
3,145,165
3,146,160
3,152,29
3,154,248
3,155,309
3,159,395
3,171,351
3,178,273
3,179,354
3,183,352
3,188,235
4,7,114
4,12,154
4,20,226
4,25,248
4,28,224
4,29,371
4,43,134
4,45,300
4,46,393
4,50,213
4,53,294
4,54,221
4,58,118
4,64,2
4,80,222
4,81,108
4,82,382
4,84,115
4,87,371
4,89,35
4,93,357
4,95,224
4,101,26
4,102,202
4,113,145
4,115,346
4,117,363
4,122,1
4,125,78
4,130,151
4,131,80
4,132,181
4,139,370
4,140,334
4,142,328
4,145,168
4,147,77
4,153,147
4,159,380
4,164,171
4,168,266
4,171,175
4,190,328
4,195,122
4,196,207
4,198,394
5,1,241
5,4,115
5,10,27
5,17,206
5,18,260
5,22,166
5,23,220
5,26,371
5,30,59
5,43,211
5,52,87
5,61,224
5,68,143
5,70,167
5,82,307
5,85,308
5,89,135
5,95,155
5,99,124
5,107,400
5,108,6
5,113,361
5,115,345
5,118,69
5,122,274
5,123,217
5,139,386
5,142,318
5,144,8
5,145,179
5,147,310
5,149,349
5,152,383
5,153,54
5,156,27
5,160,93
5,163,277
5,164,248
5,172,44
5,175,306
5,182,371
5,185,31
5,192,19
5,196,52
5,197,234
5,199,180
6,7,29
6,9,69
6,11,325
6,14,218
6,16,92
6,18,252
6,19,150
6,21,201
6,22,198
6,33,360
6,36,284
6,45,395
6,46,50
6,49,272
6,53,155
6,61,122
6,62,193
6,63,210
6,65,309
6,71,272
6,93,111
6,100,390
6,102,271
6,104,80
6,107,302
6,110,225
6,114,339
6,120,364
6,123,273
6,134,342
6,139,338
6,142,74
6,143,186
6,145,330
6,150,399
6,154,388
6,159,29
6,160,176
6,161,360
6,164,186
6,165,262
6,167,207
6,168,298
6,181,286
6,190,199
6,198,199
7,2,133
7,5,7
7,15,89
7,17,20
7,31,260
7,32,144
7,34,400
7,37,5
7,42,227
7,43,19
7,45,116
7,47,383
7,49,168
7,59,272
7,61,366
7,68,286
7,77,92
7,92,238
7,93,208
7,98,281
7,105,36
7,108,202
7,118,157
7,125,389
7,129,7
7,136,218
7,138,11
7,141,198
7,144,400
7,148,214
7,152,190
7,155,351
7,161,343
7,167,234
7,169,239
7,173,229
7,174,191
7,175,59
7,176,146
7,181,375
7,183,143
7,185,217
7,189,122
7,191,259
7,192,249
7,195,14
8,3,113
8,9,11
8,11,200
8,18,368
8,19,228
8,23,179
8,24,295
8,27,336
8,32,110
8,35,42
8,36,14
8,44,101
8,48,128
8,53,357
8,56,176
8,58,114
8,59,285
8,62,347
8,78,14
8,80,6
8,82,216
8,85,294
8,86,267
8,87,225
8,90,367
8,94,254
8,97,28
8,102,328
8,114,166
8,119,324
8,126,113
8,128,387
8,130,80
8,133,373
8,144,367
8,150,83
8,157,7
8,159,159
8,170,255
8,174,310
8,176,33
8,182,357
8,192,68
8,194,100
8,199,155
8,200,113
9,5,43
9,6,268
9,8,74
9,15,202
9,19,168
9,22,113
9,23,65
9,24,67
9,29,376
9,33,331
9,34,277
9,37,38
9,40,163
9,42,355
9,44,378
9,46,218
9,48,193
9,54,112
9,65,193
9,66,169
9,68,137
9,89,131
9,94,310
9,95,395
9,96,354
9,111,246
9,112,43
9,113,209
9,115,62
9,118,153
9,121,362
9,125,95
9,126,37
9,136,151
9,141,74
9,148,249
9,158,373
9,161,181
9,169,111
9,171,217
9,177,348
9,182,228
9,183,260
9,192,80
9,193,75
9,199,164
10,1,159
10,2,17
10,12,87
10,21,339
10,24,392
10,25,74
10,29,240
10,32,298
10,33,284
10,35,348
10,36,210
10,41,78
10,43,72
10,45,91
10,46,190
10,49,101
10,50,233
10,71,369
10,73,270
10,78,295
10,82,113
10,89,168
10,90,189
10,93,209
10,115,125
10,116,264
10,128,46
10,133,147
10,135,232
10,136,9
10,139,229
10,140,295
10,141,200
10,151,69
10,157,214
10,159,312
10,166,387
10,168,14
10,169,337
10,172,143
10,175,253
10,178,76
10,182,43
10,183,305
10,185,389
10,189,57
11,2,246
11,6,204
11,9,223
11,21,295
11,29,134
11,39,129
11,44,382
11,56,103
11,57,383
11,63,31
11,66,253
11,73,350
11,77,393
11,82,308
11,85,163
11,94,105
11,97,327
11,99,247
11,101,181
11,106,294
11,109,372
11,110,265
11,111,101
11,113,392
11,114,290
11,119,144
11,123,400
11,130,80
11,135,75
11,136,304
11,146,132
11,154,226
11,156,313
11,157,132
11,158,190
11,159,350
11,171,239
11,172,316
11,178,31
11,181,240
11,182,6
11,186,107
11,188,217
11,190,337
11,191,290
11,196,294
12,8,251
12,9,167
12,11,205
12,16,61
12,17,308
12,20,256
12,23,357
12,25,78
12,29,320
12,33,111
12,34,336
12,36,371
12,38,366
12,39,80
12,40,101
12,42,352
12,46,313
12,49,270
12,54,146
12,56,59
12,57,193
12,66,364
12,67,34
12,74,181
12,79,191
12,80,205
12,81,312
12,82,30
12,85,70
12,86,176
12,90,218
12,100,135
12,108,158
12,125,369
12,128,123
12,134,287
12,140,259
12,144,298
12,146,283
12,153,52
12,163,264
12,172,256
12,180,3
12,192,315
12,193,370
12,196,93
13,2,226
13,6,262
13,9,92
13,12,272
13,15,53
13,24,307
13,28,203
13,32,144
13,36,86
13,37,92
13,38,84
13,44,298
13,46,255
13,51,273
13,52,4
13,54,18
13,56,159
13,59,320
13,64,148
13,69,66
13,74,208
13,76,240
13,79,373
13,84,99
13,94,396
13,109,305
13,113,172
13,114,146
13,126,229
13,134,41
13,140,121
13,143,286
13,162,182
13,166,7
13,170,194
13,171,64
13,178,102
13,184,204
13,187,267
13,188,395
13,190,89
13,191,396
13,192,16
13,194,252
13,195,308
13,199,261
14,3,83
14,6,68
14,24,11
14,26,39
14,30,395
14,31,234
14,34,320
14,37,387
14,50,265
14,53,224
14,58,391
14,66,105
14,76,98
14,77,6
14,80,209
14,89,7
14,95,101
14,96,156
14,98,315
14,102,70
14,106,122
14,113,70
14,117,148
14,123,101
14,129,167
14,130,128
14,137,79
14,138,342
14,143,345
14,144,328
14,147,134
14,150,303
14,152,365
14,153,203
14,156,355
14,161,238
14,163,230
14,167,11
14,170,35
14,173,32
14,174,28
14,181,337
14,184,173
14,189,335
14,195,62
14,198,232
15,1,103
15,12,383
15,22,367
15,24,75
15,27,364
15,28,272
15,40,156
15,42,388
15,44,249
15,46,381
15,53,258
15,54,175
15,84,51
15,85,195
15,89,350
15,90,185
15,91,323
15,93,185
15,109,211
15,121,78
15,122,39
15,123,203
15,124,257
15,129,133
15,131,202
15,137,351
15,142,330
15,147,192
15,148,107
15,153,204
15,154,199
15,159,245
15,162,247
15,164,102
15,168,115
15,170,210
15,174,327
15,177,389
15,179,283
15,181,312
15,183,232
15,189,269
15,192,380
15,193,120
15,196,375
15,199,357
16,1,103
16,2,219
16,3,213
16,8,72
16,14,273
16,19,307
16,42,161
16,43,220
16,46,299
16,57,81
16,63,224
16,64,355
16,70,182
16,71,251
16,74,59
16,77,14
16,80,271
16,83,129
16,86,146
16,88,236
16,90,103
16,97,10
16,105,8
16,107,7
16,108,351
16,110,355
16,115,207
16,116,353
16,117,261
16,121,202
16,123,351
16,129,343
16,130,73
16,137,25
16,142,398
16,143,345
16,145,79
16,155,25
16,159,359
16,171,257
16,175,329
16,178,28
16,181,170
16,190,87
16,192,232
16,199,317
17,5,214
17,9,163
17,15,319
17,18,246
17,19,212
17,28,67
17,46,254
17,48,80
17,49,22
17,52,54
17,54,306
17,66,274
17,68,230
17,71,344
17,73,377
17,76,329
17,77,224
17,79,52
17,82,55
17,93,95
17,95,243
17,96,295
17,102,205
17,106,95
17,121,53
17,124,225
17,129,10
17,130,15
17,131,268
17,134,190
17,135,307
17,136,196
17,145,372
17,146,378
17,152,152
17,153,122
17,154,354
17,158,345
17,163,27
17,172,111
17,173,243
17,175,128
17,177,381
17,185,229
17,192,354
17,194,226
18,1,104
18,7,379
18,8,222
18,16,83
18,19,284
18,23,86
18,25,359
18,29,19
18,36,49
18,37,217
18,40,230
18,44,120
18,48,134
18,49,194
18,55,56
18,62,169
18,65,355
18,67,160
18,68,350
18,71,227
18,91,144
18,96,183
18,106,192
18,110,7
18,113,196
18,115,126
18,123,302
18,125,356
18,133,365
18,134,178
18,135,389
18,141,41
18,146,393
18,149,50
18,152,182
18,159,332
18,161,318
18,162,138
18,170,341
18,174,143
18,176,221
18,183,114
18,185,39
18,194,102
18,195,391
18,196,116
19,4,16
19,10,27
19,11,223
19,14,327
19,15,40
19,21,88
19,33,176
19,40,43
19,46,379
19,48,59
19,50,196
19,55,225
19,56,231
19,60,219
19,62,230
19,68,385
19,74,215
19,80,199
19,84,350
19,86,51
19,87,193
19,94,86
19,97,285
19,103,336
19,105,156
19,110,150
19,112,330
19,128,276
19,133,28
19,135,316
19,136,372
19,137,223
19,140,213
19,146,98
19,147,134
19,151,175
19,152,324
19,154,235
19,156,26
19,157,18
19,160,7
19,179,235
19,187,276
19,189,337
19,199,348
19,200,25
20,5,259
20,6,144
20,17,27
20,21,162
20,24,251
20,29,240
20,36,376
20,42,35
20,44,156
20,51,225
20,58,276
20,59,94
20,61,356
20,71,267
20,72,187
20,74,290
20,78,2
20,80,253
20,86,389
20,93,209
20,95,97
20,96,66
20,104,135
20,105,348
20,106,108
20,107,115
20,113,275
20,118,135
20,123,88
20,127,330
20,131,100
20,136,186
20,144,212
20,148,51
20,157,350
20,158,196
20,159,224
20,163,99
20,172,64
20,173,161
20,174,6
20,181,119
20,189,240
20,190,266
20,193,187
20,197,131
21,5,297
21,8,171
21,11,391
21,13,274
21,24,209
21,30,24
21,32,233
21,33,252
21,37,334
21,43,390
21,47,123
21,48,190
21,50,372
21,53,74
21,54,266
21,58,372
21,68,360
21,70,124
21,71,198
21,78,371
21,85,114
21,91,355
21,96,275
21,101,348
21,104,232
21,105,323
21,108,234
21,109,99
21,113,268
21,114,9
21,133,101
21,136,83
21,138,256
21,142,186
21,146,332
21,147,242
21,154,293
21,156,10
21,161,298
21,181,72
21,183,293
21,188,265
21,191,206
21,194,199
21,198,333
21,200,384
22,2,47
22,3,188
22,8,160
22,10,158
22,20,39
22,26,332
22,41,213
22,43,251
22,44,340
22,49,157
22,51,72
22,52,377
22,57,191
22,66,363
22,68,219
22,69,187
22,73,129
22,75,390
22,79,71
22,84,23
22,85,377
22,87,142
22,90,274
22,95,359
22,101,188
22,113,281
22,116,209
22,124,171
22,134,297
22,135,278
22,137,113
22,139,204
22,141,301
22,143,315
22,144,207
22,151,295
22,152,98
22,164,377
22,166,30
22,169,147
22,172,155
22,177,148
22,178,227
22,182,148
22,190,228
22,192,348
23,5,399
23,16,147
23,24,201
23,27,240
23,29,152
23,34,13
23,51,325
23,52,185
23,53,220
23,54,337
23,56,279
23,58,291
23,59,368
23,62,49
23,63,60
23,64,374
23,66,128
23,67,212
23,68,356
23,74,127
23,76,284
23,77,197
23,81,119
23,86,273
23,92,92
23,94,112
23,100,167
23,103,306
23,106,49
23,107,162
23,108,299
23,111,318
23,121,143
23,127,263
23,138,346
23,145,136
23,150,163
23,151,57
23,152,358
23,155,266
23,158,227
23,159,366
23,169,352
23,170,334
23,190,164
23,196,171
24,19,95
24,21,62
24,23,69
24,25,181
24,29,207
24,33,22
24,41,92
24,46,10
24,50,119
24,52,356
24,55,17
24,63,99
24,67,395
24,80,143
24,89,85
24,90,339
24,94,271
24,96,284
24,99,324
24,109,24
24,110,49
24,112,271
24,113,398
24,117,397
24,126,115
24,127,63
24,129,80
24,133,70
24,138,160
24,144,337
24,146,6
24,150,258
24,152,135
24,154,132
24,157,68
24,162,343
24,174,103
24,175,284
24,180,195
24,183,138
24,185,128
24,188,303
24,194,59
24,196,368
24,197,188
24,200,293
25,8,75
25,15,303
25,16,95
25,19,42
25,20,149
25,29,99
25,39,277
25,41,132
25,48,94
25,55,330
25,56,71
25,57,238
25,59,24
25,61,103
25,65,113
25,66,313
25,72,360
25,74,322
25,80,248
25,84,125
25,87,367
25,91,351
25,96,294
25,98,192
25,105,397
25,108,22
25,111,17
25,114,177
25,120,152
25,121,169
25,137,336
25,145,302
25,147,294
25,148,321
25,152,394
25,154,22
25,155,136
25,160,269
25,161,367
25,166,281
25,176,184
25,182,165
25,186,60
25,192,63
25,197,158
25,199,268
26,2,34
26,5,213
26,7,41
26,10,30
26,12,382
26,13,120
26,21,315
26,22,17
26,32,91
26,36,79
26,46,194
26,47,280
26,48,23
26,54,215
26,64,31
26,79,276
26,80,322
26,84,363
26,86,160
26,87,243
26,88,361
26,100,235
26,102,73
26,106,71
26,109,128
26,110,324
26,116,128
26,119,367
26,120,351
26,123,120
26,129,225
26,131,223
26,133,236
26,134,393
26,137,338
26,140,29
26,141,332
26,144,252
26,155,364
26,158,331
26,170,366
26,181,2
26,186,105
26,191,94
26,194,267
26,195,309
27,3,49
27,9,338
27,18,384
27,21,46
27,24,214
27,38,169
27,40,89
27,41,354
27,46,336
27,48,246
27,63,315
27,65,121
27,71,29
27,78,123
27,82,132
27,87,107
27,88,30
27,92,128
27,93,368
27,101,29
27,104,102
27,105,90
27,106,49
27,110,110
27,114,232
27,119,92
27,120,387
27,128,110
27,134,95
27,139,242
27,143,315
27,144,116
27,146,114
27,151,23
27,153,6
27,155,38
27,158,50
27,161,35
27,164,160
27,165,131
27,177,295
27,180,128
27,181,118
27,184,200
27,192,253
27,195,230
28,4,47
28,6,183
28,7,161
28,11,187
28,16,309
28,17,106
28,18,304
28,19,147
28,21,171
28,32,151
28,33,88
28,34,248
28,36,182
28,37,174
28,49,234
28,63,248
28,64,111
28,73,201
28,75,199
28,76,393
28,103,135
28,106,240
28,113,79
28,115,370
28,121,233
28,123,85
28,126,72
28,141,128
28,142,28
28,144,183
28,146,271
28,155,288
28,157,248
28,160,121
28,166,113
28,170,234
28,171,306
28,173,97
28,175,90
28,176,117
28,182,169
28,191,18
28,193,249
28,196,277
28,198,65
28,199,104
29,5,38
29,8,41
29,10,223
29,11,376
29,15,111
29,16,175
29,17,235
29,18,148
29,19,120
29,23,281
29,24,238
29,31,390
29,34,394
29,36,121
29,38,380
29,43,27
29,49,99
29,58,205
29,64,382
29,65,81
29,69,57
29,70,241
29,73,391
29,81,319
29,85,62
29,94,399
29,104,302
29,108,97
29,109,228
29,115,282
29,118,97
29,123,153
29,124,345
29,126,307
29,128,107
29,142,310
29,148,205
29,149,236
29,166,296
29,172,169
29,173,95
29,176,182
29,177,224
29,183,389
29,192,71
29,196,64
30,2,33
30,3,48
30,7,183
30,8,339
30,10,318
30,11,210
30,14,387
30,15,92
30,22,353
30,24,373
30,26,289
30,37,314
30,40,15
30,47,387
30,49,200
30,54,12
30,55,100
30,70,196
30,71,111
30,80,332
30,83,302
30,87,102
30,88,84
30,90,92
30,91,224
30,93,279
30,95,214
30,99,267
30,105,105
30,106,225
30,108,6
30,111,281
30,122,230
30,131,178
30,135,152
30,136,144
30,154,24
30,164,228
30,169,250
30,174,167
30,182,177
30,191,353
30,192,276
30,195,310
30,197,184
30,199,348
31,1,97
31,16,53
31,17,79
31,21,333
31,22,346
31,24,299
31,26,339
31,32,70
31,34,14
31,38,345
31,39,196
31,40,318
31,41,67
31,44,47
31,54,179
31,56,52
31,62,338
31,67,232
31,68,44
31,74,132
31,75,75
31,79,371
31,81,21
31,89,207
31,97,146
31,103,14
31,104,354
31,107,69
31,109,221
31,116,43
31,117,157
31,118,140
31,120,6
31,129,181
31,130,172
31,131,162
31,133,232
31,136,158
31,139,353
31,168,67
31,173,359
31,174,165
31,179,352
31,183,71
31,185,287
31,200,349
32,8,392
32,17,98
32,20,61
32,22,364
32,24,389
32,28,183
32,37,180
32,39,56
32,44,374
32,45,96
32,47,42
32,51,56
32,55,61
32,58,30
32,59,130
32,70,355
32,71,312
32,75,36
32,79,162
32,88,363
32,92,57
32,93,226
32,94,176
32,95,23
32,104,279
32,105,27
32,108,158
32,111,54
32,117,33
32,123,74
32,125,140
32,133,176
32,135,294
32,144,319
32,147,4
32,150,353
32,152,310
32,155,343
32,163,325
32,164,61
32,167,332
32,179,321
32,187,61
32,188,12
32,196,102
32,198,267
33,3,21
33,4,176
33,21,396
33,23,347
33,46,300
33,47,292
33,54,94
33,55,151
33,56,65
33,58,268
33,68,326
33,69,210
33,75,124
33,77,328
33,78,237
33,82,261
33,84,368
33,91,227
33,95,364
33,100,5
33,105,397
33,106,115
33,108,236
33,120,221
33,121,192
33,128,374
33,130,77
33,140,129
33,143,128
33,145,311
33,146,246
33,148,85
33,150,177
33,152,22
33,155,309
33,156,241
33,165,29
33,168,306
33,178,337
33,181,151
33,183,336
33,189,276
33,190,121
33,197,26
33,198,354
33,200,206
34,2,15
34,4,243
34,7,116
34,9,293
34,10,20
34,11,258
34,15,6
34,18,21
34,22,77
34,25,161
34,27,188
34,40,389
34,44,288
34,45,395
34,46,310
34,53,207
34,61,399
34,65,22
34,93,285
34,95,165
34,96,35
34,101,213
34,107,130
34,110,111
34,111,154
34,113,214
34,121,349
34,126,68
34,127,38
34,131,356
34,136,165
34,147,120
34,148,305
34,152,376
34,153,160
34,159,306
34,165,163
34,169,281
34,175,222
34,178,379
34,179,220
34,186,114
34,189,255
34,190,388
34,191,197
34,194,4
35,2,212
35,3,214
35,9,389
35,12,360
35,15,124
35,16,22
35,18,221
35,22,231
35,28,182
35,30,385
35,34,180
35,42,311
35,45,319
35,46,256
35,57,101
35,60,229
35,62,269
35,63,320
35,67,56
35,68,396
35,72,20
35,78,275
35,81,40
35,85,186
35,88,87
35,90,211
35,93,87
35,105,98
35,114,260
35,116,167
35,118,140
35,122,23
35,126,349
35,130,225
35,139,142
35,141,173
35,142,140
35,145,99
35,159,97
35,167,131
35,171,375
35,180,277
35,181,168
35,188,28
35,199,68
35,200,290
36,3,388
36,4,68
36,8,309
36,9,142
36,11,1
36,17,159
36,20,156
36,21,261
36,25,332
36,26,339
36,30,159
36,32,374
36,38,250
36,39,255
36,44,290
36,55,150
36,62,176
36,69,326
36,74,278
36,76,166
36,84,45
36,88,279
36,91,378
36,98,393
36,103,252
36,113,135
36,114,147
36,115,221
36,123,179
36,126,159
36,127,385
36,130,222
36,133,124
36,134,2
36,138,28
36,140,187
36,153,326
36,155,297
36,156,307
36,158,117
36,160,299
36,163,64
36,165,171
36,166,297
36,177,8
36,182,260
37,9,332
37,12,250
37,13,294
37,16,62
37,17,243
37,20,8
37,21,187
37,23,115
37,27,120
37,29,259
37,34,43
37,45,331
37,46,325
37,48,290
37,49,143
37,54,163
37,55,139
37,57,385
37,65,92
37,70,38
37,71,104
37,76,75
37,77,146
37,79,237
37,80,87
37,83,318
37,88,16
37,102,183
37,105,349
37,108,161
37,109,302
37,122,37
37,130,138
37,140,297
37,143,158
37,144,281
37,145,248
37,149,233
37,157,338
37,158,219
37,165,122
37,176,309
37,188,240
37,195,98
37,196,53
37,197,16
38,4,217
38,5,137
38,15,12
38,17,154
38,19,264
38,20,165
38,28,20
38,41,298
38,50,22
38,54,347
38,61,326
38,74,372
38,76,88
38,81,253
38,88,143
38,89,345
38,90,371
38,94,124
38,103,365
38,108,318
38,120,281
38,121,216
38,126,365
38,127,101
38,132,347
38,135,296
38,139,185
38,146,226
38,149,152
38,152,46
38,153,175
38,156,214
38,162,325
38,164,307
38,166,191
38,174,184
38,175,118
38,177,141
38,181,328
38,185,356
38,186,96
38,187,193
38,188,310
38,190,396
38,193,383
38,199,19
39,3,30
39,9,30
39,30,158
39,33,16
39,38,301
39,41,82
39,42,44
39,46,202
39,50,148
39,57,60
39,61,223
39,64,251
39,66,54
39,69,331
39,73,182
39,77,252
39,78,157
39,88,10
39,91,149
39,93,202
39,97,14
39,103,115
39,105,29
39,113,262
39,116,234
39,118,282
39,120,248
39,122,290
39,129,346
39,130,241
39,135,302
39,145,385
39,147,312
39,164,359
39,165,208
39,170,306
39,173,188
39,174,270
39,175,54
39,178,209
39,180,22
39,182,75
39,183,14
39,188,274
39,193,261
39,200,159
40,8,224
40,11,301
40,13,314
40,14,316
40,19,132
40,26,379
40,29,271
40,31,8
40,33,231
40,45,365
40,55,106
40,58,189
40,63,366
40,64,333
40,70,198
40,75,85
40,79,301
40,81,16
40,83,99
40,84,323
40,86,196
40,94,75
40,101,295
40,102,346
40,106,16
40,108,310
40,115,310
40,124,272
40,128,68
40,132,372
40,136,92
40,137,51
40,149,274
40,150,333
40,159,154
40,160,285
40,166,35
40,168,10
40,178,200
40,179,290
40,183,53
40,184,86
40,186,51
40,188,78
40,193,53
40,197,181
41,1,52
41,2,202
41,11,346
41,13,375
41,22,386
41,23,263
41,28,253
41,29,172
41,31,224
41,34,153
41,35,230
41,47,331
41,49,15
41,53,94
41,56,226
41,58,22
41,63,400
41,65,28
41,70,133
41,80,209
41,101,100
41,102,141
41,111,280
41,125,180
41,126,23
41,129,103
41,131,143
41,135,226
41,136,367
41,138,374
41,142,55
41,146,228
41,151,13
41,152,28
41,155,149
41,160,270
41,162,212
41,163,102
41,166,207
41,169,120
41,170,273
41,176,281
41,177,59
41,179,73
41,192,8
41,199,237
42,6,230
42,10,213
42,13,23
42,14,227
42,16,292
42,18,100
42,25,359
42,30,16
42,31,170
42,36,375
42,38,146
42,48,338
42,55,252
42,65,124
42,66,197
42,67,202
42,68,29
42,71,29
42,75,233
42,76,383
42,81,118
42,88,364
42,90,105
42,92,87
42,97,13
42,100,154
42,108,66
42,109,136
42,110,149
42,112,293
42,117,363
42,137,344
42,151,67
42,152,392
42,153,399
42,155,400
42,156,195
42,160,365
42,166,305
42,169,275
42,176,60
42,180,72
42,186,228
42,187,158
42,188,309
42,194,195
43,2,129
43,7,73
43,9,222
43,17,318
43,18,260
43,25,178
43,38,391
43,41,44
43,44,42
43,45,135
43,47,273
43,49,368
43,61,253
43,66,212
43,75,212
43,76,96
43,80,206
43,81,186
43,87,279
43,90,325
43,98,73
43,100,361
43,104,325
43,111,272
43,116,169
43,118,162
43,120,229
43,128,3
43,130,4
43,145,375
43,148,136
43,149,223
43,151,142
43,153,286
43,155,78
43,156,111
43,159,276
43,175,332
43,176,264
43,177,396
43,187,233
43,190,363
43,193,339
43,194,283
43,197,149
43,199,178
44,12,222
44,18,98
44,22,11
44,26,8
44,27,268
44,29,399
44,31,199
44,34,116
44,37,252
44,38,300
44,39,15
44,60,364
44,63,48
44,68,79
44,69,287
44,71,359
44,74,337
44,79,369
44,82,245
44,83,303
44,85,150
44,86,196
44,89,119
44,94,80
44,96,44
44,107,79
44,109,118
44,121,400
44,124,348
44,126,116
44,142,230
44,144,253
44,147,35
44,150,379
44,158,262
44,160,287
44,165,177
44,167,354
44,170,164
44,172,87
44,176,162
44,177,286
44,183,232
44,190,305
44,195,280
44,199,298
45,5,128
45,9,393
45,10,373
45,16,193
45,17,313
45,18,293
45,20,69
45,24,128
45,36,312
45,37,326
45,39,151
45,41,156
45,47,185
45,48,94
45,53,101
45,55,370
45,62,397
45,64,384
45,67,74
45,71,141
45,77,178
45,80,162
45,81,115
45,85,196
45,91,193
45,95,47
45,103,254
45,114,327
45,118,29
45,124,251
45,129,264
45,135,217
45,136,108
45,138,285
45,139,103
45,143,233
45,144,371
45,153,19
45,159,227
45,161,19
45,167,54
45,171,119
45,172,326
45,177,123
45,180,301
45,200,256
46,5,328
46,13,92
46,18,263
46,20,271
46,22,169
46,26,268
46,29,250
46,31,381
46,42,144
46,49,111
46,56,34
46,59,365
46,60,393
46,61,263
46,78,244
46,80,240
46,82,244
46,86,141
46,89,11
46,90,96
46,91,125
46,94,355
46,97,189
46,103,227
46,106,73
46,109,301
46,113,232
46,121,33
46,128,30
46,141,274
46,149,307
46,156,49
46,157,291
46,160,55
46,165,390
46,166,70
46,169,368
46,175,332
46,179,72
46,180,400
46,185,212
46,186,228
46,187,315
46,188,167
46,197,213
46,199,180
47,1,199
47,3,38
47,6,239
47,8,165
47,13,241
47,16,94
47,23,97
47,29,354
47,34,193
47,38,119
47,40,111
47,53,98
47,55,45
47,62,148
47,65,161
47,66,7
47,72,59
47,75,349
47,78,207
47,81,201
47,82,129
47,85,355
47,87,374
47,88,106
47,89,253
47,91,266
47,101,395
47,102,356
47,115,81
47,120,338
47,127,99
47,130,74
47,131,163
47,143,375
47,151,388
47,154,154
47,160,195
47,169,1
47,171,326
47,174,308
47,181,78
47,188,325
47,191,2
47,196,273
47,197,30
47,199,49
48,1,118
48,2,314
48,7,131
48,10,217
48,14,350
48,20,274
48,26,18
48,28,316
48,35,187
48,38,336
48,55,245
48,56,276
48,57,281
48,64,301
48,70,124
48,72,7
48,73,155
48,90,43
48,91,150
48,93,56
48,100,190
48,102,173
48,106,235
48,109,288
48,111,250
48,112,244
48,113,263
48,119,370
48,124,216
48,125,262
48,127,384
48,129,145
48,136,133
48,140,71
48,143,387
48,145,226
48,152,148
48,156,255
48,164,195
48,165,211
48,167,65
48,171,226
48,173,129
48,180,284
48,182,221
48,196,175
49,1,41
49,9,166
49,13,306
49,14,241
49,15,63
49,24,342
49,26,264
49,28,268
49,29,44
49,44,53
49,51,94
49,57,374
49,72,64
49,74,250
49,75,176
49,78,294
49,83,284
49,84,197
49,89,254
49,90,291
49,91,119
49,92,69
49,93,278
49,94,20
49,95,210
49,107,138
49,111,326
49,116,190
49,124,296
49,125,361
49,136,315
49,144,332
49,146,250
49,148,288
49,149,274
49,154,265
49,163,78
49,165,276
49,166,82
49,173,228
49,175,145
49,179,55
49,190,246
49,191,116
49,192,148
49,195,336
50,2,236
50,3,136
50,8,327
50,10,203
50,12,82
50,14,27
50,16,17
50,19,237
50,23,51
50,24,313
50,33,86
50,34,78
50,35,261
50,36,46
50,41,8
50,44,368
50,49,214
50,56,392
50,65,200
50,68,292
50,69,79
50,70,235
50,73,208
50,78,169
50,84,171
50,97,374
50,114,243
50,130,280
50,148,29
50,150,111
50,151,359
50,152,118
50,153,380
50,155,154
50,158,9
50,164,86
50,167,255
50,173,316
50,183,306
50,185,80
50,186,139
50,192,161
50,194,238
50,195,134
50,196,398
50,199,155
51,2,4
51,9,128
51,19,363
51,36,324
51,37,198
51,38,299
51,43,315
51,44,14
51,45,185
51,47,153
51,50,180
51,52,5
51,56,60
51,57,114
51,62,268
51,63,241
51,69,247
51,80,169
51,81,108
51,84,198
51,87,254
51,88,104
51,91,153
51,99,231
51,100,299
51,102,386
51,104,318
51,110,143
51,121,137
51,125,5
51,127,15
51,138,362
51,145,56
51,150,343
51,155,196
51,157,35
51,163,121
51,172,340
51,175,145
51,177,114
51,180,235
51,188,211
51,192,236
51,195,357
51,199,153
51,200,238
52,2,120
52,14,196
52,21,91
52,24,248
52,26,148
52,30,154
52,35,199
52,38,95
52,41,372
52,46,69
52,49,272
52,54,75
52,57,267
52,65,136
52,67,113
52,76,304
52,78,262
52,87,180
52,92,235
52,94,245
52,103,225
52,104,237
52,106,314
52,108,209
52,109,211
52,113,248
52,116,222
52,137,321
52,138,20
52,142,108
52,145,343
52,153,358
52,159,246
52,169,161
52,171,16
52,173,388
52,179,24
52,180,146
52,181,77
52,186,91
52,187,249
52,188,14
52,191,340
52,192,281
52,193,105
52,194,25
53,1,249
53,4,261
53,5,186
53,9,52
53,10,298
53,11,289
53,12,139
53,24,134
53,26,386
53,28,116
53,31,175
53,35,262
53,36,199
53,43,188
53,46,394
53,54,94
53,57,181
53,60,376
53,64,17
53,71,251
53,72,271
53,73,245
53,74,107
53,90,210
53,105,175
53,114,196
53,118,351
53,136,146
53,137,66
53,139,11
53,142,213
53,144,84
53,146,220
53,150,293
53,152,113
53,160,103
53,161,180
53,164,388
53,170,378
53,175,391
53,177,148
53,183,394
53,185,155
53,197,61
53,199,128
53,200,301
54,1,250
54,3,108
54,5,138
54,10,161
54,11,192
54,17,156
54,25,318
54,35,239
54,37,220
54,39,131
54,43,202
54,44,133
54,45,35
54,55,97
54,61,207
54,63,202
54,65,286
54,66,265
54,70,51
54,79,229
54,82,263
54,90,133
54,92,325
54,96,257
54,98,42
54,102,53
54,103,284
54,106,259
54,108,113
54,120,360
54,126,28
54,127,215
54,130,357
54,132,52
54,136,225
54,137,365
54,148,221
54,166,389
54,167,27
54,169,49
54,177,218
54,178,316
54,181,314
54,192,156
54,196,196
54,199,75
55,1,381
55,5,295
55,9,210
55,11,88
55,16,158
55,40,273
55,50,68
55,52,322
55,56,40
55,64,95
55,66,192
55,67,74
55,68,1
55,76,64
55,79,25
55,92,86
55,94,214
55,100,88
55,104,264
55,108,59
55,112,103
55,121,362
55,123,251
55,127,111
55,129,254
55,131,97
55,137,300
55,138,362
55,148,240
55,151,333
55,152,321
55,156,80
55,161,273
55,162,209
55,165,278
55,166,55
55,168,227
55,169,152
55,171,77
55,173,158
55,179,327
55,183,218
55,187,149
55,188,398
55,192,233
55,193,234
56,2,288
56,8,388
56,13,216
56,14,167
56,17,278
56,19,64
56,24,334
56,30,379
56,31,374
56,35,318
56,36,243
56,54,324
56,55,87
56,67,53
56,68,203
56,82,279
56,85,220
56,90,54
56,93,50
56,94,322
56,99,293
56,109,150
56,113,391
56,114,278
56,120,280
56,121,384
56,124,37
56,133,265
56,134,285
56,139,285
56,143,181
56,158,126
56,161,92
56,166,342
56,171,229
56,172,356
56,178,184
56,179,190
56,180,293
56,181,350
56,182,394
56,184,272
56,187,339
56,193,382
56,196,83
56,197,265
57,10,49
57,21,96
57,22,396
57,31,221
57,34,284
57,35,184
57,36,76
57,38,123
57,51,243
57,59,323
57,63,77
57,67,317
57,74,205
57,75,237
57,80,30
57,84,43
57,85,49
57,88,141
57,105,66
57,107,397
57,114,194
57,118,257
57,121,224
57,124,86
57,125,319
57,130,230
57,136,168
57,138,400
57,140,150
57,144,61
57,145,3
57,146,126
57,148,345
57,149,357
57,152,128
57,155,24
57,156,253
57,157,298
57,162,343
57,163,263
57,171,251
57,172,5
57,174,153
57,185,369
57,198,30
57,199,71
58,2,46
58,7,322
58,11,159
58,14,149
58,15,361
58,29,380
58,32,319
58,33,131
58,37,178
58,39,122
58,43,94
58,46,86
58,49,196
58,54,153
58,55,46
58,66,351
58,70,27
58,72,208
58,82,6
58,86,171
58,91,365
58,98,90
58,99,242
58,100,130
58,101,152
58,124,370
58,127,246
58,130,242
58,138,310
58,139,364
58,140,378
58,142,96
58,157,381
58,159,43
58,161,348
58,162,65
58,163,164
58,165,81
58,166,259
58,175,339
58,183,115
58,185,256
58,186,114
58,188,41
58,194,19
58,200,199
59,2,308
59,3,183
59,5,245
59,6,367
59,11,315
59,18,362
59,20,3
59,24,138
59,27,7
59,42,226
59,47,136
59,49,127
59,52,221
59,54,101
59,56,308
59,69,152
59,75,29
59,77,24
59,78,60
59,82,88
59,89,395
59,99,368
59,100,270
59,101,298
59,102,73
59,103,277
59,107,63
59,119,333
59,123,2
59,134,345
59,142,22
59,143,341
59,148,54
59,168,48
59,170,13
59,171,304
59,179,94
59,181,99
59,182,315
59,184,371
59,185,100
59,187,17
59,192,355
59,195,253
59,197,368
59,199,59
60,1,206
60,3,227
60,5,75
60,10,134
60,13,25
60,18,388
60,26,224
60,27,273
60,28,77
60,30,297
60,32,398
60,33,17
60,40,147
60,49,7
60,55,140
60,63,332
60,64,282
60,68,20
60,72,99
60,75,32
60,79,333
60,83,260
60,89,80
60,98,90
60,100,47
60,103,22
60,106,179
60,115,298
60,117,349
60,126,355
60,133,337
60,134,304
60,142,192
60,144,188
60,145,206
60,148,385
60,150,349
60,152,224
60,166,207
60,172,362
60,177,86
60,180,36
60,181,91
60,183,157
60,186,346
60,193,205
61,7,164
61,10,381
61,17,339
61,23,41
61,32,196
61,33,132
61,35,6
61,36,371
61,38,309
61,47,75
61,48,271
61,51,259
61,53,101
61,58,100
61,59,324
61,64,312
61,69,369
61,75,214
61,79,36
61,80,130
61,81,256
61,89,86
61,94,56
61,97,46
61,98,42
61,109,73
61,113,202
61,114,104
61,117,196
61,118,81
61,131,388
61,132,305
61,138,310
61,140,315
61,146,361
61,147,80
61,151,115
61,153,10
61,158,237
61,174,338
61,180,362
61,182,277
61,187,234
61,188,384
61,189,342
61,200,192
62,3,82
62,5,133
62,14,110
62,15,21
62,22,219
62,24,391
62,26,187
62,27,301
62,37,112
62,39,231
62,44,325
62,45,23
62,48,143
62,57,226
62,69,27
62,75,97
62,85,269
62,88,178
62,90,315
62,92,50
62,101,220
62,102,312
62,113,376
62,119,287
62,120,226
62,122,183
62,125,60
62,136,25
62,139,284
62,146,200
62,148,223
62,149,233
62,153,273
62,159,288
62,161,9
62,170,7
62,173,394
62,174,108
62,175,352
62,176,8
62,178,380
62,181,394
62,184,86
62,185,363
62,188,124
62,197,346
63,5,302
63,13,246
63,26,273
63,28,128
63,30,98
63,32,328
63,36,290
63,47,352
63,48,66
63,53,236
63,61,353
63,65,46
63,68,264
63,69,12
63,74,153
63,78,381
63,81,68
63,86,211
63,88,338
63,90,303
63,92,162
63,97,281
63,102,316
63,113,319
63,117,322
63,119,178
63,128,191
63,129,31
63,130,237
63,132,87
63,133,220
63,138,335
63,140,185
63,141,198
63,150,339
63,160,289
63,161,287
63,163,109
63,167,28
63,171,198
63,175,354
63,177,252
63,182,218
63,194,202
63,196,9
63,198,12
64,1,143
64,4,45
64,5,177
64,12,32
64,24,313
64,25,45
64,26,174
64,34,64
64,43,284
64,48,190
64,50,384
64,54,76
64,62,344
64,65,152
64,66,61
64,73,126
64,74,334
64,82,127
64,84,356
64,88,299
64,90,23
64,91,97
64,93,19
64,94,381
64,96,283
64,97,85
64,99,279
64,101,28
64,107,137
64,116,36
64,118,46
64,130,184
64,133,277
64,148,71
64,151,357
64,157,68
64,163,93
64,164,395
64,166,288
64,170,67
64,171,262
64,173,295
64,181,83
64,188,227
64,191,396
64,192,115
65,3,282
65,11,237
65,15,266
65,24,328
65,25,65
65,28,162
65,32,86
65,42,272
65,44,84
65,62,329
65,66,221
65,71,181
65,72,232
65,73,187
65,82,7
65,84,275
65,87,303
65,96,309
65,97,130
65,98,117
65,103,186
65,106,192
65,107,399
65,112,67
65,113,134
65,114,240
65,119,239
65,121,145
65,128,202
65,129,89
65,132,29
65,138,246
65,150,15
65,151,165
65,155,31
65,167,266
65,168,94
65,169,241
65,172,316
65,174,206
65,176,392
65,179,60
65,185,192
65,187,186
65,191,206
65,198,316
66,7,202
66,8,160
66,17,211
66,26,138
66,35,224
66,36,363
66,37,360
66,38,195
66,42,64
66,43,259
66,44,205
66,45,28
66,47,206
66,53,149
66,54,148
66,64,398
66,71,153
66,73,97
66,78,300
66,87,28
66,92,73
66,102,340
66,106,232
66,110,39
66,117,397
66,118,241
66,123,153
66,125,55
66,130,18
66,135,51
66,136,295
66,145,70
66,149,66
66,150,168
66,155,313
66,160,359
66,170,217
66,171,104
66,172,349
66,173,18
66,175,47
66,180,112
66,185,148
66,187,104
66,191,79
66,195,349
67,4,377
67,5,44
67,6,116
67,7,218
67,8,1
67,11,252
67,19,7
67,27,130
67,28,99
67,31,159
67,37,351
67,38,380
67,40,232
67,41,43
67,44,123
67,45,85
67,48,393
67,57,395
67,62,211
67,73,320
67,75,373
67,77,81
67,78,171
67,80,371
67,84,263
67,95,379
67,103,185
67,109,173
67,116,388
67,118,210
67,132,67
67,143,242
67,148,144
67,149,51
67,155,100
67,166,52
67,167,15
67,171,62
67,176,279
67,177,120
67,179,155
67,185,371
67,187,145
67,194,65
67,196,60
67,200,27
68,2,356
68,31,106
68,32,24
68,34,320
68,42,150
68,46,94
68,52,278
68,61,289
68,65,256
68,74,364
68,76,171
68,79,238
68,86,204
68,89,55
68,94,113
68,95,169
68,98,90
68,101,132
68,104,197
68,105,128
68,106,298
68,107,172
68,108,64
68,109,202
68,110,128
68,113,47
68,114,13
68,123,357
68,136,351
68,137,278
68,138,204
68,147,238
68,149,11
68,157,124
68,166,226
68,168,129
68,173,377
68,175,15
68,178,109
68,180,147
68,187,335
68,192,220
68,194,315
68,196,222
68,197,400
68,198,291
69,1,164
69,2,120
69,11,225
69,12,247
69,17,216
69,19,42
69,22,64
69,25,289
69,27,187
69,43,81
69,61,271
69,62,347
69,65,189
69,72,332
69,77,191
69,78,326
69,80,257
69,81,90
69,84,115
69,97,93
69,102,306
69,106,349
69,107,192
69,115,97
69,119,311
69,125,145
69,146,374
69,150,267
69,151,9
69,152,167
69,155,278
69,159,380
69,161,118
69,163,33
69,170,296
69,171,361
69,172,131
69,179,182
69,180,161
69,184,93
69,185,183
69,189,374
69,194,241
69,197,33
69,198,340
69,199,75
70,1,71
70,3,297
70,10,69
70,17,377
70,18,52
70,20,214
70,23,300
70,29,271
70,32,192
70,34,175
70,36,49
70,42,240
70,44,45
70,55,89
70,62,238
70,63,368
70,74,283
70,78,395
70,79,76
70,83,263
70,84,126
70,95,107
70,98,90
70,104,350
70,105,351
70,108,56
70,128,321
70,136,69
70,138,76
70,143,232
70,144,61
70,146,151
70,148,282
70,157,240
70,159,301
70,162,391
70,169,13
70,170,210
70,174,307
70,175,80
70,183,376
70,184,73
70,190,187
70,195,145
70,197,60
70,200,84
71,5,234
71,8,326
71,12,274
71,22,371
71,27,9
71,29,245
71,31,325
71,33,210
71,35,291
71,39,367
71,43,179
71,50,363
71,54,264
71,57,288
71,63,69
71,65,134
71,66,56
71,68,204
71,70,373
71,78,163
71,80,258
71,88,160
71,95,99
71,100,323
71,103,284
71,113,265
71,114,74
71,117,5
71,119,385
71,121,352
71,122,398
71,124,368
71,127,236
71,133,115
71,143,137
71,145,316
71,148,110
71,149,377
71,151,364
71,153,117
71,162,35
71,164,139
71,165,20
71,182,73
71,191,136
71,198,353
72,2,381
72,3,168
72,9,211
72,17,292
72,19,127
72,20,155
72,25,214
72,26,119
72,28,65
72,29,126
72,31,136
72,33,310
72,37,379
72,45,65
72,47,130
72,49,203
72,55,31
72,64,34
72,78,136
72,86,19
72,91,262
72,93,398
72,94,134
72,97,10
72,100,13
72,102,249
72,109,180
72,118,388
72,122,236
72,124,174
72,127,230
72,128,137
72,129,101
72,151,313
72,155,374
72,156,371
72,168,4
72,172,264
72,179,6
72,185,207
72,186,193
72,188,308
72,191,32
72,192,363
72,194,66
72,196,312
73,1,296
73,3,125
73,6,186
73,7,317
73,8,346
73,12,51
73,15,400
73,17,248
73,23,133
73,27,18
73,31,236
73,32,104
73,34,367
73,40,269
73,41,133
73,49,380
73,50,363
73,67,291
73,71,190
73,81,253
73,82,143
73,90,228
73,91,85
73,93,197
73,94,324
73,107,209
73,108,365
73,113,54
73,120,384
73,132,237
73,136,70
73,144,228
73,145,390
73,148,345
73,151,87
73,158,178
73,161,34
73,162,294
73,167,198
73,171,271
73,186,20
73,188,181
73,191,350
73,192,224
73,197,87
73,200,288
74,3,107
74,4,372
74,7,154
74,10,370
74,11,164
74,31,134
74,35,295
74,36,316
74,37,80
74,41,65
74,43,22
74,48,21
74,55,117
74,68,142
74,69,346
74,71,195
74,72,32
74,79,303
74,97,6
74,99,4
74,103,116
74,114,378
74,119,226
74,122,90
74,125,277
74,128,17
74,134,7
74,136,255
74,140,28
74,142,123
74,145,124
74,146,3
74,149,228
74,151,259
74,156,255
74,167,237
74,174,344
74,177,278
74,180,255
74,182,216
74,185,221
74,187,1
74,188,204
74,191,148
74,195,281
74,199,333
75,1,236
75,9,146
75,15,144
75,17,40
75,18,84
75,23,381
75,27,74
75,32,158
75,37,303
75,38,279
75,40,24
75,55,109
75,61,157
75,62,148
75,64,159
75,71,91
75,73,251
75,82,44
75,93,307
75,97,126
75,102,233
75,113,195
75,115,305
75,118,86
75,121,209
75,122,213
75,123,273
75,140,288
75,145,288
75,150,269
75,151,66
75,152,11
75,153,331
75,155,18
75,158,97
75,160,73
75,161,391
75,173,247
75,175,369
75,184,108
75,188,31
75,189,146
75,190,31
75,194,327
75,198,365
75,200,342
76,1,87
76,13,288
76,16,35
76,19,109
76,21,34
76,22,101
76,30,6
76,31,243
76,33,66
76,38,178
76,41,27
76,47,172
76,48,213
76,54,28
76,59,22
76,67,201
76,68,379
76,73,157
76,78,284
76,81,224
76,83,168
76,86,55
76,88,294
76,90,269
76,93,169
76,97,308
76,99,102
76,111,154
76,114,301
76,121,86
76,128,365
76,133,184
76,134,251
76,135,4
76,139,254
76,141,254
76,151,398
76,157,268
76,177,62
76,181,21
76,182,397
76,192,400
76,194,30
76,195,175
76,198,134
76,200,387
77,8,380
77,9,63
77,21,57
77,24,303
77,25,89
77,26,108
77,27,144
77,29,177
77,36,128
77,39,222
77,40,269
77,42,189
77,45,395
77,47,373
77,50,186
77,53,289
77,56,104
77,63,286
77,68,327
77,76,87
77,78,370
77,87,332
77,88,99
77,93,179
77,95,173
77,97,155
77,104,79
77,108,86
77,112,351
77,124,134
77,130,52
77,139,233
77,141,69
77,142,370
77,146,236
77,151,341
77,160,108
77,162,201
77,170,397
77,171,273
77,182,79
77,190,84
77,192,385
77,194,46
77,197,204
77,198,364
78,2,365
78,11,62
78,12,268
78,17,349
78,18,249
78,27,115
78,33,39
78,45,284
78,47,399
78,48,370
78,51,378
78,54,82
78,58,80
78,59,100
78,66,300
78,67,18
78,75,208
78,79,116
78,82,372
78,85,375
78,86,59
78,90,158
78,93,71
78,98,372
78,99,110
78,107,151
78,108,8
78,114,110
78,126,218
78,127,394
78,128,199
78,130,270
78,132,234
78,139,279
78,147,119
78,151,139
78,158,35
78,159,397
78,164,83
78,172,221
78,182,163
78,184,97
78,190,278
78,191,154
78,196,385
78,199,196
79,2,398
79,3,301
79,5,398
79,10,151
79,13,314
79,15,335
79,23,248
79,24,137
79,30,89
79,31,172
79,38,40
79,45,59
79,47,214
79,49,276
79,50,210
79,65,138
79,76,207
79,84,329
79,88,164
79,89,102
79,96,289
79,112,159
79,115,265
79,118,331
79,123,371
79,131,304
79,133,262
79,137,277
79,138,284
79,141,208
79,143,342
79,144,94
79,148,168
79,155,244
79,159,272
79,163,232
79,169,16
79,177,112
79,179,56
79,180,94
79,181,198
79,184,144
79,186,136
79,193,46
79,194,18
79,200,135
80,1,115
80,3,196
80,12,284
80,14,249
80,18,395
80,21,351
80,26,248
80,27,265
80,28,100
80,29,200
80,33,281
80,34,240
80,36,38
80,38,12
80,51,157
80,56,310
80,61,104
80,62,201
80,63,100
80,66,250
80,71,385
80,85,215
80,86,49
80,93,265
80,94,207
80,98,250
80,99,155
80,101,127
80,103,186
80,104,240
80,114,278
80,115,391
80,120,14
80,121,360
80,126,89
80,127,334
80,144,243
80,151,176
80,158,16
80,159,279
80,161,301
80,173,328
80,181,290
80,193,265
80,195,117
80,196,52
81,4,201
81,12,5
81,13,354
81,21,356
81,23,266
81,26,375
81,34,350
81,36,126
81,39,176
81,41,35
81,43,167
81,47,399
81,67,307
81,68,14
81,74,29
81,76,283
81,77,177
81,83,240
81,84,114
81,85,211
81,93,331
81,95,59
81,106,63
81,107,246
81,109,304
81,114,375
81,116,364
81,119,55
81,120,154
81,121,149
81,122,351
81,126,87
81,139,156
81,140,151
81,144,43
81,147,369
81,149,313
81,150,183
81,157,271
81,159,112
81,162,379
81,184,27
81,188,306
81,196,214
81,197,302
81,198,251
82,13,55
82,15,36
82,17,165
82,20,18
82,24,232
82,31,165
82,37,207
82,38,66
82,40,27
82,44,70
82,46,245
82,49,97
82,52,245
82,56,134
82,58,79
82,59,375
82,61,191
82,62,275
82,69,351
82,72,144
82,75,343
82,76,236
82,78,207
82,79,385
82,90,391
82,97,317
82,109,238
82,110,40
82,111,73
82,123,201
82,126,50
82,130,57
82,131,361
82,133,128
82,136,340
82,142,1
82,144,366
82,149,203
82,169,94
82,171,233
82,174,54
82,177,198
82,181,391
82,183,161
82,191,364
82,193,182
83,2,48
83,4,173
83,12,273
83,13,285
83,14,272
83,16,255
83,25,103
83,29,37
83,32,234
83,39,184
83,44,347
83,48,49
83,51,223
83,61,211
83,62,194
83,65,315
83,67,158
83,74,233
83,85,170
83,88,174
83,92,99
83,95,201
83,103,165
83,106,276
83,114,279
83,117,170
83,126,63
83,128,124
83,130,237
83,131,356
83,132,187
83,135,129
83,148,171
83,149,394
83,154,156
83,155,207
83,158,79
83,160,262
83,167,121
83,174,362
83,175,154
83,179,393
83,182,35
83,184,137
83,187,12
83,190,273
84,1,350
84,5,14
84,13,165
84,19,20
84,23,88
84,30,393
84,31,259
84,32,258
84,34,127
84,35,76
84,36,220
84,44,116
84,45,399
84,48,4
84,51,83
84,53,134
84,54,27
84,55,356
84,58,274
84,61,34
84,64,356
84,69,211
84,71,78
84,88,400
84,91,176
84,96,53
84,104,335
84,105,307
84,108,308
84,121,263
84,122,205
84,127,378
84,136,389
84,137,97
84,138,328
84,155,111
84,158,346
84,159,187
84,160,200
84,162,73
84,165,27
84,169,190
84,171,386
84,183,187
84,193,210
84,197,65
85,5,386
85,8,167
85,14,306
85,20,120
85,24,78
85,41,307
85,43,385
85,46,153
85,47,71
85,48,81
85,49,160
85,50,322
85,53,177
85,54,234
85,58,332
85,62,48
85,68,191
85,69,340
85,70,8
85,82,232
85,83,217
85,86,232
85,91,153
85,97,377
85,103,29
85,104,52
85,111,166
85,113,126
85,115,112
85,117,231
85,119,157
85,135,230
85,138,295
85,139,80
85,142,63
85,150,35
85,159,206
85,171,350
85,176,325
85,180,67
85,183,125
85,184,262
85,191,103
85,193,147
85,199,118
85,200,3
86,4,346
86,6,329
86,8,354
86,9,206
86,11,377
86,20,244
86,22,342
86,36,93
86,37,119
86,38,200
86,41,341
86,45,187
86,49,167
86,52,66
86,54,316
86,71,130
86,79,273
86,85,60
86,92,147
86,98,86
86,102,139
86,107,185
86,112,310
86,120,367
86,125,314
86,129,356
86,133,71
86,135,399
86,144,213
86,147,88
86,148,180
86,149,219
86,150,146
86,154,239
86,155,292
86,163,313
86,169,274
86,171,119
86,172,135
86,173,161
86,182,222
86,184,241
86,189,273
86,193,270
86,198,74
86,199,30
87,1,200
87,5,373
87,10,46
87,13,275
87,14,31
87,17,332
87,23,377
87,26,235
87,27,237
87,28,25
87,31,133
87,32,52
87,37,56
87,44,279
87,52,314
87,55,168
87,62,8
87,69,279
87,70,104
87,80,187
87,84,235
87,85,157
87,86,221
87,96,329
87,99,216
87,100,370
87,110,287
87,111,280
87,117,311
87,123,287
87,133,124
87,144,350
87,155,19
87,161,189
87,167,180
87,176,340
87,178,158
87,179,338
87,184,358
87,185,185
87,187,272
87,189,241
87,194,117
87,196,158
87,197,320
87,198,55
88,4,177
88,5,229
88,6,75
88,8,376
88,17,143
88,19,381
88,21,374
88,38,174
88,39,21
88,41,372
88,60,367
88,63,44
88,64,175
88,68,130
88,71,146
88,79,335
88,80,156
88,92,22
88,97,125
88,98,66
88,107,88
88,113,108
88,116,150
88,118,376
88,121,287
88,128,302
88,130,347
88,131,23
88,132,274
88,133,255
88,135,116
88,144,394
88,148,37
88,161,289
88,162,377
88,165,91
88,170,312
88,171,105
88,177,170
88,180,119
88,183,216
88,184,254
88,187,313
88,189,322
88,190,326
88,199,289
89,3,395
89,7,141
89,8,279
89,11,8
89,17,119
89,24,315
89,26,273
89,30,120
89,34,184
89,35,187
89,36,349
89,37,138
89,40,353
89,44,221
89,46,318
89,48,377
89,51,55
89,56,373
89,62,23
89,64,146
89,66,183
89,70,301
89,75,118
89,77,208
89,78,319
89,82,188
89,97,73
89,99,367
89,105,180
89,107,358
89,111,319
89,114,349
89,115,350
89,118,293
89,120,336
89,124,386
89,126,110
89,127,200
89,135,178
89,159,392
89,169,117
89,173,201
89,180,281
89,184,290
89,186,391
89,193,285
90,1,117
90,2,329
90,11,172
90,13,72
90,14,294
90,18,180
90,21,388
90,26,74
90,28,201
90,30,97
90,38,51
90,46,331
90,51,249
90,53,197
90,60,394
90,62,8
90,63,257
90,70,220
90,73,290
90,76,174
90,81,270
90,83,119
90,88,69
90,97,127
90,98,4
90,101,295
90,103,67
90,108,354
90,113,343
90,115,335
90,116,168
90,119,351
90,121,217
90,130,63
90,133,26
90,138,30
90,141,292
90,146,32
90,151,187
90,162,274
90,166,207
90,169,181
90,181,14
90,194,316
90,196,91
90,197,217
91,2,51
91,3,274
91,7,187
91,15,193
91,17,190
91,22,278
91,33,93
91,38,87
91,52,347
91,55,382
91,57,17
91,59,274
91,68,189
91,72,40
91,74,365
91,97,375
91,98,105
91,110,219
91,113,390
91,115,177
91,117,124
91,122,121
91,125,350
91,128,285
91,132,315
91,137,372
91,139,215
91,140,363
91,142,39
91,145,244
91,148,217
91,151,189
91,155,301
91,160,176
91,173,78
91,176,33
91,177,218
91,179,261
91,180,131
91,182,207
91,185,242
91,191,361
91,194,254
91,195,11
91,197,98
91,199,337
92,15,140
92,29,209
92,30,102
92,35,268
92,36,77
92,41,128
92,42,338
92,43,344
92,50,27
92,54,328
92,59,40
92,60,23
92,65,90
92,72,279
92,83,255
92,85,215
92,89,155
92,95,124
92,100,114
92,105,9
92,110,7
92,111,66
92,112,184
92,113,286
92,118,267
92,122,8
92,126,95
92,129,157
92,131,320
92,132,11
92,136,353
92,138,65
92,143,383
92,148,76
92,153,222
92,156,360
92,157,284
92,168,32
92,175,226
92,181,388
92,182,151
92,183,393
92,187,374
92,195,48
92,197,71
92,200,126
93,12,331
93,22,288
93,25,268
93,33,96
93,44,64
93,57,275
93,67,318
93,74,103
93,79,54
93,81,119
93,82,221
93,86,180
93,90,226
93,91,117
93,96,354
93,99,218
93,100,105
93,101,331
93,103,350
93,123,211
93,125,389
93,127,153
93,129,212
93,132,324
93,135,319
93,139,144
93,140,392
93,143,301
93,149,206
93,151,197
93,156,381
93,165,243
93,170,228
93,172,128
93,174,183
93,175,359
93,179,147
93,180,382
93,181,346
93,183,194
93,187,102
93,188,283
93,195,188
93,196,341
93,199,315
93,200,299
94,5,380
94,8,20
94,9,275
94,11,189
94,17,354
94,20,122
94,31,7
94,33,377
94,36,243
94,38,19
94,45,48
94,51,235
94,53,78
94,54,83
94,59,383
94,61,376
94,70,80
94,75,119
94,80,254
94,86,292
94,87,233
94,88,384
94,112,365
94,116,63
94,119,399
94,124,259
94,129,132
94,131,289
94,134,267
94,136,132
94,138,107
94,144,128
94,154,299
94,160,305
94,163,15
94,164,26
94,166,363
94,176,292
94,183,389
94,184,64
94,185,42
94,189,162
94,192,13
94,195,90
94,196,163
94,199,188
95,1,153
95,2,150
95,6,62
95,8,90
95,14,26
95,31,115
95,33,140
95,39,355
95,46,294
95,48,337
95,52,318
95,53,343
95,54,277
95,56,85
95,59,208
95,61,44
95,70,99
95,72,387
95,83,202
95,86,6
95,89,171
95,91,367
95,92,25
95,98,89
95,105,114
95,108,33
95,116,22
95,118,33
95,135,157
95,138,16
95,147,371
95,158,267
95,160,303
95,161,68
95,166,130
95,167,275
95,171,127
95,172,254
95,173,80
95,187,205
95,188,33
95,189,374
95,190,389
95,192,127
95,193,292
95,199,279
96,4,286
96,6,136
96,7,257
96,11,284
96,16,261
96,18,114
96,21,12
96,26,39
96,27,286
96,44,146
96,45,112
96,56,77
96,57,169
96,62,117
96,68,381
96,72,203
96,73,160
96,78,174
96,80,85
96,81,375
96,82,39
96,84,95
96,86,379
96,87,399
96,99,400
96,106,228
96,114,117
96,116,234
96,123,137
96,124,258
96,128,221
96,132,283
96,134,123
96,137,239
96,144,131
96,154,251
96,160,194
96,162,326
96,163,151
96,169,213
96,176,148
96,179,83
96,180,143
96,186,116
96,193,282
96,197,238
97,7,186
97,12,320
97,16,1
97,17,346
97,19,168
97,21,49
97,29,266
97,37,97
97,40,112
97,49,385
97,56,254
97,64,71
97,67,317
97,68,239
97,73,182
97,75,164
97,80,178
97,86,285
97,88,233
97,91,351
97,95,243
97,99,43
97,101,371
97,103,155
97,105,363
97,107,14
97,113,105
97,117,81
97,125,87
97,134,243
97,148,243
97,154,50
97,157,224
97,158,156
97,159,26
97,164,191
97,166,315
97,169,10
97,174,125
97,176,315
97,178,209
97,180,380
97,185,80
97,186,48
97,187,114
97,197,5
98,8,381
98,10,96
98,11,343
98,12,84
98,24,252
98,25,310
98,29,271
98,35,298
98,38,105
98,44,144
98,48,320
98,51,354
98,53,112
98,61,115
98,70,216
98,72,106
98,83,366
98,84,40
98,90,106
98,97,290
98,100,187
98,101,142
98,103,350
98,105,392
98,111,249
98,112,128
98,119,73
98,121,287
98,134,58
98,138,5
98,142,387
98,145,243
98,149,221
98,160,155
98,161,370
98,166,319
98,170,366
98,173,239
98,175,378
98,177,279
98,178,46
98,183,12
98,188,214
98,190,331
98,198,60
98,199,160
99,5,309
99,7,78
99,10,134
99,12,72
99,13,394
99,14,143
99,19,215
99,28,369
99,30,194
99,34,119
99,35,27
99,38,305
99,39,268
99,42,38
99,48,350
99,53,197
99,65,255
99,66,383
99,68,300
99,69,194
99,75,365
99,85,339
99,89,338
99,90,235
99,102,65
99,104,344
99,116,6
99,120,323
99,126,356
99,127,33
99,129,73
99,130,285
99,136,203
99,139,295
99,142,182
99,147,390
99,158,207
99,172,123
99,173,135
99,175,344
99,176,37
99,177,29
99,181,372
99,185,103
99,193,69
99,198,312
100,5,256
100,6,352
100,8,251
100,13,58
100,19,252
100,22,362
100,27,75
100,29,312
100,30,376
100,31,49
100,38,170
100,39,142
100,43,68
100,44,131
100,46,260
100,55,72
100,57,347
100,63,224
100,68,107
100,77,72
100,81,305
100,84,183
100,88,343
100,90,118
100,93,185
100,94,176
100,105,60
100,124,350
100,126,130
100,131,122
100,135,210
100,137,141
100,149,268
100,150,224
100,151,390
100,156,157
100,160,89
100,161,272
100,164,93
100,167,105
100,171,260
100,174,387
100,180,31
100,186,146
100,189,290
100,196,150
101,2,399
101,3,51
101,7,30
101,14,234
101,18,86
101,22,59
101,27,259
101,32,306
101,39,69
101,40,274
101,42,147
101,53,46
101,55,87
101,58,288
101,65,75
101,78,395
101,85,63
101,86,276
101,97,78
101,99,210
101,110,315
101,119,210
101,122,60
101,124,229
101,125,322
101,127,377
101,128,205
101,132,233
101,137,300
101,138,253
101,141,60
101,151,365
101,153,287
101,154,249
101,157,318
101,158,219
101,162,397
101,165,266
101,166,241
101,167,276
101,169,79
101,177,338
101,178,163
101,188,359
101,190,184
101,191,241
102,2,328
102,4,155
102,12,202
102,16,212
102,17,115
102,34,266
102,35,117
102,37,218
102,39,28
102,52,43
102,53,20
102,62,277
102,67,251
102,70,331
102,91,143
102,94,81
102,99,208
102,100,353
102,105,78
102,106,259
102,112,258
102,114,14
102,125,110
102,127,178
102,129,362
102,130,86
102,132,243
102,135,192
102,137,181
102,139,5
102,142,280
102,144,32
102,146,66
102,150,388
102,151,49
102,152,203
102,163,304
102,167,244
102,170,338
102,183,116
102,184,205
102,185,274
102,187,60
102,188,50
102,189,107
102,197,182
103,2,44
103,5,353
103,8,310
103,9,161
103,11,219
103,16,135
103,23,109
103,29,379
103,30,128
103,39,294
103,44,207
103,47,210
103,53,278
103,56,149
103,60,99
103,63,42
103,70,228
103,75,114
103,80,330
103,83,82
103,85,240
103,97,4
103,98,137
103,105,284
103,114,322
103,116,44
103,119,383
103,123,377
103,126,167
103,134,150
103,135,185
103,137,188
103,147,218
103,150,280
103,151,141
103,152,149
103,155,72
103,170,58
103,171,378
103,173,26
103,178,262
103,179,166
103,185,9
103,189,132
103,191,147
103,192,318
104,1,303
104,4,262
104,11,250
104,15,334
104,17,155
104,29,338
104,34,240
104,43,276
104,44,357
104,55,161
104,58,129
104,61,278
104,62,163
104,65,262
104,69,391
104,71,120
104,75,210
104,84,63
104,85,298
104,87,18
104,88,280
104,90,99
104,92,136
104,93,253
104,96,75
104,105,6
104,108,86
104,109,122
104,110,240
104,115,67
104,118,269
104,122,147
104,137,5
104,140,175
104,143,83
104,146,377
104,147,6
104,150,245
104,156,28
104,161,324
104,164,96
104,168,375
104,189,30
104,194,108
104,197,200
104,199,120
105,2,190
105,5,350
105,7,327
105,9,32
105,10,190
105,11,185
105,16,331
105,17,199
105,21,278
105,22,397
105,27,74
105,33,176
105,42,84
105,46,3
105,47,19
105,49,369
105,50,396
105,60,374
105,74,158
105,75,93
105,81,300
105,82,202
105,97,187
105,99,2
105,101,284
105,119,319
105,121,293
105,124,41
105,126,192
105,136,340
105,137,207
105,139,369
105,144,67
105,149,174
105,156,270
105,161,212
105,163,103
105,170,324
105,175,285
105,176,35
105,177,369
105,179,4
105,186,55
105,190,53
105,193,243
105,194,172
106,6,189
106,10,363
106,11,129
106,12,15
106,18,10
106,20,75
106,40,107
106,41,229
106,47,243
106,48,220
106,49,3
106,61,105
106,63,99
106,64,273
106,66,177
106,71,131
106,76,247
106,79,363
106,81,78
106,82,398
106,84,306
106,85,205
106,87,277
106,91,193
106,94,254
106,103,72
106,105,141
106,109,339
106,118,193
106,124,171
106,126,44
106,128,369
106,130,199
106,146,193
106,151,385
106,156,87
106,162,369
106,163,99
106,170,310
106,175,124
106,179,304
106,181,369
106,187,315
106,190,372
106,196,93
106,200,326
107,10,127
107,11,395
107,12,291
107,14,66
107,15,24
107,21,298
107,33,270
107,35,62
107,36,110
107,37,306
107,39,141
107,45,64
107,47,236
107,50,7
107,51,237
107,57,294
107,58,76
107,61,156
107,63,67
107,70,293
107,72,221
107,76,361
107,83,294
107,84,322
107,87,159
107,96,152
107,99,253
107,103,375
107,117,400
107,121,397
107,126,222
107,139,60
107,140,91
107,143,340
107,147,205
107,149,121
107,155,137
107,159,22
107,161,352
107,168,13
107,169,36
107,172,375
107,173,169
107,180,198
107,184,292
107,186,265
108,7,26
108,19,153
108,21,84
108,32,106
108,34,47
108,35,201
108,57,152
108,64,14
108,67,136
108,81,45
108,88,297
108,92,200
108,93,74
108,97,69
108,98,311
108,102,56
108,103,391
108,106,50
108,107,298
108,114,42
108,116,351
108,117,47
108,118,326
108,122,138
108,124,37
108,127,341
108,128,73
108,129,27
108,138,234
108,141,97
108,142,80
108,143,280
108,147,250
108,150,80
108,152,10
108,154,96
108,155,201
108,159,382
108,161,350
108,165,160
108,182,226
108,185,225
108,196,335
108,197,2
108,198,90
108,200,307
109,1,328
109,10,225
109,15,189
109,16,228
109,25,167
109,27,360
109,28,233
109,30,90
109,32,222
109,33,364
109,35,218
109,39,32
109,40,225
109,50,353
109,51,250
109,56,108
109,57,120
109,58,91
109,64,163
109,67,91
109,68,18
109,73,157
109,80,77
109,84,78
109,87,29
109,94,99
109,96,6
109,98,371
109,103,79
109,105,303
109,114,162
109,118,42
109,120,127
109,124,202
109,126,338
109,131,29
109,133,62
109,135,46
109,153,42
109,167,384
109,170,177
109,176,168
109,179,139
109,187,189
109,189,30
109,194,255
110,4,241
110,6,240
110,13,160
110,14,93
110,17,236
110,21,67
110,25,255
110,28,222
110,30,114
110,31,369
110,32,358
110,43,305
110,45,162
110,59,329
110,61,216
110,66,53
110,68,233
110,70,27
110,73,5
110,79,237
110,81,303
110,82,391
110,85,249
110,86,346
110,91,198
110,96,62
110,101,134
110,102,333
110,106,83
110,108,277
110,115,202
110,118,186
110,121,143
110,131,85
110,140,303
110,145,193
110,146,114
110,147,178
110,152,224
110,153,30
110,158,134
110,159,153
110,167,225
110,175,274
110,194,176
110,200,283
111,2,305
111,3,91
111,24,95
111,25,26
111,27,257
111,28,204
111,31,385
111,36,55
111,42,65
111,48,142
111,73,316
111,76,315
111,85,241
111,88,26
111,89,273
111,95,216
111,99,99
111,106,235
111,109,121
111,110,20
111,113,390
111,114,218
111,115,60
111,119,182
111,122,190
111,123,379
111,130,195
111,137,214
111,140,205
111,142,171
111,144,97
111,145,319
111,150,185
111,151,50
111,152,287
111,156,240
111,163,391
111,164,393
111,165,121
111,166,97
111,177,52
111,182,59
111,188,151
111,189,338
111,197,149
111,200,13
112,1,281
112,2,254
112,4,61
112,21,296
112,25,103
112,26,387
112,29,351
112,30,54
112,32,37
112,34,193
112,35,269
112,39,302
112,42,191
112,44,34
112,45,65
112,49,366
112,54,40
112,62,230
112,69,61
112,77,164
112,83,357
112,97,241
112,102,104
112,103,235
112,106,364
112,114,189
112,115,125
112,116,128
112,119,313
112,120,233
112,123,279
112,125,303
112,126,198
112,132,385
112,133,312
112,136,131
112,142,369
112,145,257
112,151,157
112,156,386
112,163,107
112,169,229
112,170,27
112,179,142
112,182,235
112,189,303
113,4,317
113,5,393
113,7,297
113,9,319
113,10,322
113,11,320
113,22,224
113,33,20
113,37,374
113,43,173
113,46,54
113,49,229
113,54,234
113,66,83
113,68,44
113,76,273
113,80,19
113,83,257
113,86,213
113,91,173
113,93,116
113,94,185
113,99,362
113,100,291
113,101,25
113,102,196
113,107,166
113,116,370
113,117,383
113,118,148
113,119,235
113,129,295
113,132,263
113,142,50
113,143,61
113,148,101
113,151,287
113,152,309
113,156,260
113,157,217
113,163,388
113,166,58
113,175,49
113,178,365
113,180,360
113,197,226
114,9,40
114,12,75
114,15,111
114,21,203
114,23,285
114,25,380
114,34,169
114,35,67
114,44,264
114,45,185
114,51,206
114,57,247
114,60,267
114,62,107
114,65,159
114,73,52
114,74,250
114,75,358
114,80,115
114,81,108
114,83,243
114,86,78
114,90,164
114,102,122
114,104,38
114,113,312
114,116,302
114,119,115
114,126,248
114,143,242
114,145,274
114,148,226
114,149,195
114,151,159
114,153,315
114,160,127
114,169,361
114,170,97
114,177,81
114,178,25
114,184,217
114,189,10
114,190,8
114,193,259
114,194,111
114,200,242
115,4,124
115,5,43
115,11,73
115,26,127
115,27,281
115,30,354
115,32,25
115,41,1
115,44,188
115,46,55
115,54,246
115,58,22
115,60,201
115,69,197
115,70,337
115,76,67
115,83,5
115,94,75
115,98,263
115,108,133
115,109,91
115,111,285
115,113,205
115,122,100
115,127,354
115,128,91
115,136,105
115,139,321
115,140,31
115,145,135
115,146,302
115,149,267
115,152,234
115,162,304
115,164,249
115,167,176
115,171,92
115,172,359
115,175,18
115,176,116
115,179,36
115,184,187
115,188,227
115,193,204
115,197,386
115,200,72
116,1,268
116,3,106
116,13,285
116,14,188
116,21,293
116,22,80
116,27,35
116,35,180
116,36,119
116,39,13
116,51,310
116,65,295
116,67,156
116,68,106
116,69,380
116,82,27
116,90,380
116,94,97
116,100,107
116,103,361
116,105,364
116,108,308
116,112,45
116,113,336
116,115,331
116,120,38
116,129,104
116,140,28
116,144,367
116,145,203
116,146,101
116,148,166
116,150,189
116,157,134
116,167,206
116,168,94
116,172,325
116,175,135
116,180,331
116,183,314
116,188,176
116,190,32
116,191,196
116,194,167
116,196,8
116,197,44
117,2,54
117,3,289
117,6,235
117,7,238
117,13,165
117,15,172
117,20,330
117,24,122
117,28,289
117,33,290
117,37,68
117,38,164
117,43,29
117,47,355
117,48,114
117,55,345
117,59,153
117,62,247
117,63,95
117,69,3
117,83,231
117,87,278
117,90,141
117,92,300
117,104,226
117,108,136
117,115,246
117,118,72
117,136,120
117,137,288
117,141,44
117,147,171
117,159,71
117,162,349
117,167,106
117,168,130
117,172,354
117,174,19
117,175,22
117,177,211
117,181,256
117,183,167
117,184,107
117,190,125
117,194,309
117,196,72
118,4,121
118,9,384
118,14,276
118,25,342
118,33,185
118,35,338
118,39,32
118,44,368
118,50,322
118,74,324
118,75,386
118,78,143
118,82,381
118,85,281
118,87,113
118,90,257
118,93,225
118,99,373
118,101,310
118,102,174
118,108,203
118,112,40
118,113,51
118,114,105
118,115,392
118,121,97
118,126,30
118,136,4
118,142,134
118,148,279
118,151,99
118,153,330
118,159,39
118,160,301
118,161,194
118,168,355
118,173,127
118,174,397
118,177,37
118,178,251
118,180,198
118,181,156
118,183,51
118,186,302
118,194,380
118,199,95
119,1,92
119,4,142
119,6,40
119,10,389
119,11,317
119,12,227
119,13,310
119,31,337
119,32,30
119,34,90
119,36,16
119,37,197
119,43,243
119,44,316
119,46,49
119,49,85
119,59,255
119,73,375
119,78,281
119,79,177
119,84,19
119,93,224
119,96,161
119,103,305
119,104,376
119,106,258
119,114,132
119,115,171
119,117,23
119,118,211
119,127,295
119,137,387
119,138,292
119,146,71
119,149,119
119,150,135
119,151,149
119,157,374
119,165,324
119,172,317
119,177,238
119,179,59
119,194,59
119,195,163
119,198,26
119,199,85
120,4,341
120,8,357
120,20,205
120,24,138
120,29,190
120,34,327
120,36,215
120,45,205
120,50,371
120,51,283
120,52,18
120,56,296
120,58,182
120,60,339
120,62,126
120,79,114
120,92,126
120,97,368
120,104,24
120,106,398
120,107,123
120,109,50
120,117,174
120,118,343
120,119,40
120,127,56
120,129,71
120,131,355
120,132,38
120,141,336
120,149,284
120,155,73
120,162,380
120,164,316
120,165,126
120,166,363
120,176,119
120,178,386
120,183,54
120,184,106
120,186,396
120,190,269
120,193,224
120,197,165
120,199,165
120,200,326
121,9,394
121,10,205
121,11,122
121,12,301
121,23,81
121,26,268
121,35,210
121,46,393
121,47,49
121,50,318
121,55,382
121,58,205
121,63,202
121,77,84
121,82,53
121,83,380
121,84,291
121,87,370
121,91,140
121,93,195
121,94,207
121,96,123
121,98,360
121,99,216
121,100,35
121,108,31
121,113,130
121,125,103
121,129,25
121,130,41
121,131,399
121,139,273
121,144,153
121,152,48
121,156,393
121,160,369
121,164,383
121,166,320
121,167,355
121,169,383
121,179,179
121,180,108
121,181,127
121,182,182
121,195,290
121,197,367
122,8,42
122,21,298
122,26,383
122,31,321
122,37,289
122,38,328
122,43,264
122,44,231
122,48,109
122,50,159
122,51,393
122,52,58
122,53,301
122,56,364
122,58,345
122,64,290
122,66,53
122,74,197
122,79,249
122,81,61
122,84,21
122,94,106
122,95,87
122,97,235
122,102,214
122,116,370
122,117,117
122,134,346
122,136,148
122,137,171
122,144,383
122,146,383
122,150,113
122,152,226
122,154,380
122,159,123
122,160,275
122,161,222
122,162,129
122,163,168
122,172,43
122,177,373
122,187,229
122,190,137
122,191,25
122,200,48
123,1,161
123,3,360
123,4,185
123,7,189
123,8,349
123,12,197
123,33,152
123,37,176
123,38,359
123,42,366
123,49,283
123,53,114
123,68,194
123,74,121
123,77,201
123,79,46
123,89,17
123,93,324
123,95,120
123,102,122
123,103,285
123,109,41
123,110,281
123,111,44
123,117,138
123,121,228
123,124,260
123,129,197
123,133,21
123,134,252
123,140,88
123,146,360
123,149,284
123,150,63
123,154,363
123,156,387
123,157,65
123,163,395
123,164,301
123,165,229
123,169,229
123,171,28
123,180,105
123,182,284
123,197,329
123,200,142
124,9,188
124,13,27
124,14,253
124,22,261
124,23,261
124,36,133
124,39,114
124,41,129
124,52,29
124,53,289
124,55,125
124,56,209
124,59,194
124,60,294
124,63,120
124,78,101
124,81,248
124,91,80
124,96,130
124,97,253
124,98,281
124,101,12
124,115,392
124,117,238
124,118,172
124,119,85
124,125,316
124,129,186
124,132,35
124,133,55
124,139,121
124,143,142
124,149,314
124,159,347
124,164,155
124,165,121
124,177,204
124,179,146
124,185,132
124,188,23
124,189,341
124,191,315
124,192,147
124,193,91
124,194,94
124,200,272
125,1,85
125,5,279
125,9,276
125,11,40
125,13,199
125,34,30
125,37,215
125,40,305
125,45,203
125,52,208
125,57,302
125,63,70
125,64,362
125,65,94
125,70,292
125,77,85
125,82,208
125,85,365
125,86,185
125,89,231
125,104,169
125,110,69
125,113,19
125,114,218
125,115,337
125,121,224
125,131,201
125,133,261
125,135,364
125,139,244
125,145,55
125,149,393
125,150,208
125,153,230
125,154,119
125,155,83
125,156,205
125,160,214
125,165,375
125,175,378
125,177,130
125,178,210
125,185,273
125,190,125
125,192,242
125,194,299
126,3,19
126,7,337
126,9,179
126,12,226
126,15,78
126,27,383
126,32,65
126,34,362
126,38,321
126,46,211
126,47,363
126,48,29
126,50,201
126,51,191
126,53,97
126,57,73
126,61,270
126,63,208
126,74,103
126,81,323
126,82,226
126,85,215
126,86,351
126,88,360
126,91,5
126,92,20
126,95,72
126,97,184
126,114,176
126,116,391
126,123,32
126,124,150
126,129,254
126,132,253
126,139,143
126,142,155
126,150,57
126,154,159
126,164,347
126,166,332
126,173,143
126,178,345
126,182,245
126,187,151
126,197,200
126,200,60
127,2,343
127,6,35
127,10,85
127,11,201
127,15,348
127,16,106
127,17,213
127,25,64
127,32,189
127,34,85
127,37,297
127,38,179
127,39,79
127,46,279
127,47,279
127,53,188
127,65,269
127,67,311
127,73,78
127,75,234
127,76,352
127,81,48
127,85,331
127,88,170
127,89,303
127,93,145
127,95,399
127,108,152
127,109,46
127,120,46
127,124,338
127,138,93
127,140,97
127,147,143
127,150,169
127,151,339
127,162,48
127,166,172
127,169,120
127,171,269
127,174,170
127,177,394
127,179,203
127,189,28
127,191,162
127,192,296
128,5,230
128,7,81
128,11,172
128,18,105
128,36,330
128,37,154
128,52,153
128,58,107
128,62,134
128,63,77
128,71,327
128,73,71
128,76,61
128,82,248
128,92,329
128,99,256
128,100,274
128,106,180
128,108,137
128,112,124
128,115,120
128,123,393
128,129,314
128,133,320
128,135,252
128,140,158
128,147,330
128,148,20
128,154,311
128,159,152
128,161,66
128,162,60
128,165,41
128,166,392
128,172,9
128,173,28
128,175,104
128,178,348
128,182,131
128,184,327
128,185,372
128,187,299
128,188,4
128,193,276
128,196,211
128,197,77
129,5,277
129,10,92
129,11,159
129,20,145
129,21,277
129,22,242
129,27,294
129,30,299
129,31,392
129,34,154
129,38,134
129,41,96
129,47,261
129,56,366
129,58,25
129,62,25
129,66,236
129,72,350
129,79,102
129,84,158
129,86,178
129,89,259
129,95,145
129,98,300
129,104,394
129,105,281
129,107,279
129,108,374
129,110,67
129,113,64
129,115,133
129,117,364
129,119,276
129,122,6
129,124,351
129,126,374
129,137,283
129,141,348
129,144,182
129,149,299
129,150,291
129,153,371
129,168,101
129,171,281
129,172,96
129,179,77
130,2,357
130,6,187
130,8,339
130,10,368
130,13,111
130,14,67
130,15,273
130,17,90
130,24,167
130,27,257
130,33,65
130,39,101
130,49,326
130,51,106
130,53,96
130,57,384
130,60,146
130,68,180
130,71,33
130,83,279
130,89,111
130,93,103
130,96,275
130,97,273
130,105,18
130,107,1
130,112,47
130,117,180
130,134,24
130,137,142
130,143,314
130,144,242
130,145,104
130,152,225
130,157,128
130,161,228
130,162,269
130,165,238
130,174,188
130,178,14
130,190,281
130,191,226
130,193,337
130,195,125
130,197,296
130,198,79
131,2,51
131,6,195
131,14,75
131,28,115
131,32,100
131,41,323
131,48,180
131,54,374
131,58,228
131,60,316
131,63,322
131,64,321
131,69,136
131,75,337
131,77,397
131,79,248
131,81,160
131,90,95
131,94,249
131,95,320
131,96,179
131,99,36
131,108,1
131,111,67
131,115,101
131,116,18
131,117,192
131,121,234
131,130,46
131,133,243
131,136,307
131,140,193
131,142,114
131,144,331
131,151,213
131,158,370
131,162,332
131,163,257
131,169,240
131,177,300
131,185,73
131,187,219
131,188,144
131,192,228
131,197,304
131,199,93
132,14,377
132,15,297
132,23,288
132,24,122
132,27,313
132,30,350
132,33,389
132,36,235
132,40,143
132,43,124
132,47,17
132,50,136
132,57,207
132,63,86
132,70,358
132,71,187
132,82,187
132,83,178
132,84,5
132,87,282
132,89,367
132,90,178
132,91,249
132,93,96
132,97,80
132,116,2
132,122,3
132,136,327
132,137,394
132,142,308
132,144,102
132,146,234
132,151,4
132,152,344
132,159,303
132,160,208
132,163,147
132,166,37
132,169,263
132,176,22
132,180,99
132,181,246
132,185,176
132,186,309
132,188,364
132,190,40
133,1,287
133,2,135
133,6,315
133,18,157
133,21,40
133,25,38
133,26,22
133,30,281
133,33,16
133,45,170
133,52,368
133,57,277
133,63,380
133,73,217
133,74,351
133,76,383
133,78,100
133,79,29
133,81,281
133,85,145
133,87,372
133,91,167
133,94,261
133,99,100
133,102,70
133,103,61
133,116,56
133,120,273
133,125,47
133,140,208
133,142,373
133,149,62
133,152,255
133,155,123
133,157,179
133,165,128
133,170,115
133,171,282
133,178,337
133,179,246
133,180,384
133,183,67
133,185,149
133,188,360
133,193,7
133,197,241
134,3,78
134,4,151
134,9,345
134,11,349
134,13,268
134,23,296
134,25,20
134,28,330
134,31,55
134,37,34
134,41,258
134,48,141
134,49,115
134,56,104
134,57,301
134,58,376
134,67,273
134,68,231
134,74,376
134,79,117
134,82,252
134,93,300
134,94,138
134,100,158
134,104,89
134,107,236
134,111,379
134,112,279
134,119,14
134,138,180
134,152,149
134,153,283
134,159,257
134,161,45
134,164,54
134,167,341
134,168,96
134,173,163
134,174,125
134,180,136
134,181,69
134,182,28
134,190,210
134,192,137
134,196,377
134,200,353
135,4,309
135,6,360
135,9,82
135,30,125
135,32,252
135,33,15
135,39,146
135,41,252
135,45,101
135,46,170
135,48,25
135,50,303
135,55,49
135,58,363
135,59,386
135,70,182
135,76,288
135,79,288
135,83,62
135,92,385
135,93,322
135,96,217
135,100,372
135,113,219
135,118,189
135,119,233
135,120,136
135,130,125
135,131,75
135,133,206
135,134,35
135,137,346
135,138,300
135,141,232
135,146,79
135,159,257
135,160,328
135,167,397
135,169,73
135,174,362
135,176,148
135,182,349
135,185,253
135,189,296
135,194,358
135,200,319
136,7,173
136,10,218
136,11,282
136,16,2
136,18,271
136,37,162
136,41,44
136,42,17
136,50,394
136,54,191
136,55,164
136,59,12
136,60,191
136,61,250
136,64,248
136,72,395
136,73,188
136,76,4
136,79,244
136,94,73
136,97,268
136,99,378
136,100,313
136,102,335
136,106,397
136,110,38
136,122,277
136,135,344
136,139,13
136,147,120
136,151,74
136,158,345
136,161,384
136,162,290
136,168,11
136,169,195
136,171,325
136,173,313
136,174,273
136,175,148
136,180,214
136,181,176
136,183,199
136,189,280
136,195,324
136,198,26
137,11,286
137,13,264
137,22,163
137,26,213
137,36,385
137,40,69
137,41,224
137,45,229
137,46,349
137,49,359
137,52,361
137,53,394
137,57,275
137,59,44
137,64,165
137,67,1
137,69,316
137,74,366
137,77,355
137,80,158
137,93,276
137,94,304
137,102,41
137,103,60
137,111,273
137,114,370
137,115,170
137,116,353
137,117,129
137,118,170
137,133,14
137,135,286
137,146,305
137,148,320
137,149,324
137,150,357
137,154,11
137,155,385
137,156,386
137,161,291
137,164,6
137,167,41
137,180,288
137,182,232
137,183,2
137,192,315
138,11,364
138,12,12
138,15,172
138,17,390
138,29,174
138,35,325
138,36,36
138,38,329
138,43,36
138,44,264
138,53,189
138,54,84
138,57,195
138,58,365
138,61,25
138,62,105
138,64,186
138,76,390
138,80,205
138,81,317
138,82,224
138,83,224
138,86,195
138,90,257
138,95,233
138,112,239
138,114,394
138,115,390
138,118,386
138,121,395
138,122,86
138,123,158
138,128,259
138,130,58
138,142,85
138,153,9
138,163,170
138,164,84
138,178,392
138,183,140
138,184,284
138,187,279
138,188,264
138,190,233
138,193,246
138,199,326
139,2,308
139,11,14
139,12,304
139,15,198
139,16,31
139,20,350
139,24,389
139,26,309
139,28,370
139,29,81
139,34,341
139,35,228
139,36,215
139,40,125
139,47,89
139,50,66
139,51,98
139,57,55
139,60,191
139,78,135
139,86,36
139,89,141
139,90,142
139,94,370
139,104,135
139,109,276
139,111,220
139,113,312
139,121,304
139,129,268
139,132,89
139,133,274
139,138,164
139,143,60
139,147,16
139,148,351
139,163,18
139,165,342
139,168,248
139,171,368
139,174,148
139,175,354
139,180,192
139,186,235
139,188,248
139,197,373
140,5,176
140,9,200
140,11,161
140,14,122
140,17,130
140,19,221
140,21,379
140,22,82
140,23,245
140,26,145
140,30,277
140,34,14
140,36,242
140,38,220
140,41,396
140,48,111
140,73,147
140,74,397
140,76,263
140,78,52
140,86,51
140,87,158
140,98,18
140,102,284
140,106,11
140,107,381
140,108,286
140,116,291
140,127,353
140,137,329
140,144,9
140,146,367
140,150,258
140,154,174
140,164,79
140,168,332
140,174,66
140,176,334
140,178,132
140,179,163
140,181,115
140,183,360
140,184,250
140,186,327
140,192,205
140,195,381
141,1,190
141,6,190
141,17,335
141,19,117
141,24,188
141,29,204
141,40,138
141,44,54
141,46,232
141,50,296
141,54,376
141,66,139
141,71,197
141,73,370
141,75,166
141,76,351
141,79,262
141,81,122
141,87,239
141,91,321
141,92,94
141,95,162
141,100,51
141,104,94
141,106,35
141,115,331
141,128,136
141,129,384
141,132,291
141,133,163
141,138,351
141,145,265
141,147,74
141,151,394
141,157,345
141,158,228
141,160,39
141,168,279
141,171,367
141,172,365
141,178,184
141,185,236
141,186,342
141,192,45
141,198,304
141,200,308
142,2,237
142,10,116
142,19,82
142,24,354
142,28,169
142,29,144
142,31,200
142,33,372
142,35,166
142,37,83
142,47,307
142,48,238
142,50,171
142,53,271
142,57,194
142,59,300
142,60,199
142,64,131
142,68,84
142,78,376
142,82,8
142,86,317
142,88,106
142,90,154
142,93,51
142,95,145
142,99,31
142,100,280
142,108,140
142,112,58
142,113,200
142,116,187
142,118,285
142,129,262
142,133,52
142,134,329
142,145,8
142,150,264
142,153,185
142,159,202
142,162,128
142,170,392
142,171,32
142,173,381
142,185,187
142,194,5
143,3,189
143,4,365
143,8,357
143,10,142
143,11,24
143,18,294
143,23,212
143,25,26
143,26,59
143,28,292
143,29,279
143,38,306
143,43,296
143,51,337
143,52,302
143,55,331
143,59,325
143,63,316
143,72,143
143,81,139
143,83,260
143,87,299
143,93,180
143,95,34
143,101,129
143,106,331
143,109,172
143,110,188
143,112,218
143,114,189
143,116,379
143,132,188
143,136,275
143,137,159
143,142,165
143,151,208
143,152,377
143,156,232
143,158,42
143,159,50
143,168,279
143,173,70
143,174,262
143,176,5
143,185,128
143,186,378
144,1,118
144,5,223
144,6,332
144,13,356
144,19,44
144,28,273
144,29,286
144,33,247
144,36,56
144,37,103
144,45,1
144,51,119
144,55,45
144,57,198
144,59,119
144,60,37
144,64,194
144,70,61
144,77,306
144,78,210
144,80,127
144,84,136
144,86,102
144,89,400
144,93,99
144,96,77
144,98,335
144,99,34
144,108,218
144,111,52
144,120,96
144,132,399
144,134,116
144,151,313
144,155,178
144,158,87
144,159,70
144,164,347
144,168,89
144,175,166
144,176,52
144,180,38
144,182,327
144,186,209
144,191,314
144,196,389
145,4,91
145,7,53
145,14,316
145,28,258
145,34,387
145,41,385
145,48,208
145,53,340
145,56,163
145,57,149
145,58,137
145,59,274
145,64,369
145,66,400
145,70,14
145,72,210
145,89,65
145,90,201
145,94,170
145,95,101
145,100,261
145,102,46
145,109,168
145,113,352
145,122,147
145,123,50
145,125,47
145,128,128
145,139,209
145,140,75
145,142,300
145,148,119
145,149,351
145,150,84
145,154,145
145,155,331
145,156,51
145,170,168
145,171,270
145,173,133
145,176,157
145,181,200
145,183,129
145,189,65
145,195,51
145,200,79
146,3,214
146,9,363
146,14,331
146,15,160
146,19,296
146,22,307
146,26,26
146,33,337
146,47,105
146,48,57
146,51,359
146,53,51
146,65,314
146,66,98
146,72,188
146,83,236
146,88,149
146,90,142
146,91,206
146,94,15
146,100,316
146,113,155
146,116,87
146,123,86
146,125,126
146,128,7
146,129,279
146,135,109
146,136,26
146,143,131
146,147,316
146,148,6
146,153,151
146,155,187
146,161,397
146,164,72
146,165,136
146,168,126
146,171,308
146,172,331
146,179,66
146,180,27
146,186,149
146,188,134
146,192,296
146,195,20
147,4,73
147,12,124
147,15,5
147,16,127
147,24,106
147,26,288
147,33,88
147,54,293
147,66,289
147,67,366
147,70,79
147,77,370
147,82,217
147,84,298
147,85,301
147,86,194
147,89,355
147,90,13
147,93,209
147,95,283
147,98,22
147,104,80
147,117,90
147,126,202
147,127,196
147,132,244
147,136,361
147,137,65
147,140,67
147,141,350
147,142,78
147,144,1
147,146,121
147,149,160
147,153,397
147,162,189
147,168,231
147,169,255
147,175,212
147,179,107
147,181,92
147,183,76
147,184,395
147,187,225
147,193,187
147,199,165
148,7,166
148,8,300
148,9,6
148,10,365
148,14,228
148,16,23
148,19,348
148,24,312
148,25,297
148,27,311
148,28,188
148,32,363
148,36,91
148,39,167
148,40,215
148,41,362
148,48,172
148,63,112
148,64,262
148,67,8
148,69,112
148,75,167
148,79,97
148,92,273
148,94,74
148,97,154
148,105,269
148,113,352
148,117,189
148,132,36
148,133,27
148,136,389
148,137,345
148,140,36
148,145,207
148,154,271
148,163,225
148,169,387
148,172,146
148,176,14
148,181,148
148,187,11
148,192,265
148,195,82
148,198,220
148,199,22
149,1,39
149,2,205
149,3,176
149,8,268
149,12,217
149,30,334
149,39,165
149,44,134
149,47,166
149,52,388
149,53,65
149,60,218
149,61,163
149,64,11
149,66,33
149,69,138
149,71,312
149,73,185
149,82,233
149,84,280
149,87,36
149,90,115
149,100,61
149,101,2
149,103,275
149,105,153
149,106,336
149,108,338
149,112,271
149,114,347
149,136,209
149,139,128
149,144,345
149,146,111
149,154,31
149,158,183
149,163,382
149,166,365
149,167,237
149,180,142
149,182,327
149,184,375
149,192,337
149,194,385
149,197,326
149,198,237
150,3,317
150,4,303
150,8,269
150,11,91
150,14,95
150,16,157
150,17,145
150,19,40
150,22,172
150,27,103
150,37,284
150,38,167
150,39,142
150,50,209
150,54,142
150,59,108
150,63,218
150,64,206
150,67,382
150,74,329
150,75,243
150,79,1
150,81,214
150,91,337
150,95,238
150,99,139
150,103,115
150,106,55
150,108,125
150,109,318
150,112,322
150,114,135
150,115,335
150,123,323
150,132,147
150,139,102
150,147,288
150,152,319
150,164,215
150,171,68
150,173,378
150,185,356
150,189,71
150,194,391
150,196,100
150,199,233
151,2,168
151,3,57
151,18,283
151,19,104
151,26,313
151,28,300
151,33,286
151,35,390
151,39,175
151,42,32
151,43,162
151,51,323
151,53,14
151,56,136
151,62,358
151,69,250
151,71,11
151,76,44
151,77,56
151,85,185
151,90,356
151,95,185
151,101,349
151,108,120
151,117,212
151,122,183
151,128,73
151,132,120
151,139,332
151,140,396
151,146,217
151,147,174
151,154,33
151,155,375
151,156,157
151,159,120
151,162,302
151,163,85
151,165,386
151,175,30
151,182,12
151,186,250
151,188,2
151,190,356
151,198,65
151,200,393
152,5,192
152,18,15
152,24,266
152,25,325
152,26,16
152,27,147
152,38,382
152,39,183
152,40,79
152,42,65
152,44,157
152,48,16
152,50,372
152,58,177
152,67,287
152,84,39
152,86,194
152,88,338
152,91,266
152,93,40
152,96,369
152,103,18
152,109,220
152,118,369
152,121,294
152,124,398
152,129,249
152,130,201
152,134,306
152,142,160
152,143,226
152,145,229
152,150,189
152,156,361
152,158,293
152,159,55
152,162,345
152,167,162
152,171,189
152,177,247
152,179,375
152,181,321
152,183,339
152,185,365
152,192,396
152,194,382
153,1,47
153,2,379
153,12,388
153,13,9
153,14,102
153,15,297
153,19,88
153,21,123
153,25,57
153,27,333
153,52,86
153,55,258
153,56,292
153,62,209
153,76,300
153,77,299
153,79,166
153,80,249
153,81,288
153,82,88
153,84,333
153,85,56
153,89,340
153,92,157
153,99,97
153,100,185
153,102,285
153,110,262
153,112,252
153,120,32
153,123,209
153,128,230
153,133,49
153,134,64
153,135,241
153,139,93
153,141,266
153,144,285
153,156,32
153,161,332
153,167,79
153,169,175
153,171,66
153,182,278
153,183,364
153,187,389
154,2,53
154,3,129
154,5,104
154,12,208
154,15,133
154,20,57
154,25,43
154,33,147
154,40,19
154,42,353
154,43,275
154,45,84
154,47,351
154,63,167
154,73,190
154,74,343
154,76,349
154,80,365
154,82,2
154,84,361
154,96,223
154,101,44
154,108,143
154,109,348
154,111,9
154,112,303
154,115,116
154,117,205
154,119,375
154,135,40
154,138,362
154,142,213
154,150,363
154,159,389
154,160,14
154,163,156
154,178,282
154,183,67
154,184,214
154,186,63
154,188,156
154,190,193
154,192,192
154,196,238
154,198,306
154,200,19
155,12,53
155,13,23
155,19,394
155,25,163
155,28,273
155,30,384
155,32,342
155,33,164
155,36,355
155,45,19
155,58,378
155,61,112
155,65,176
155,68,214
155,70,242
155,76,213
155,78,243
155,82,274
155,84,21
155,86,41
155,95,258
155,104,31
155,105,372
155,110,321
155,111,40
155,117,316
155,124,108
155,127,81
155,133,388
155,135,265
155,136,54
155,144,395
155,146,303
155,153,391
155,154,287
155,156,106
155,158,297
155,160,209
155,163,74
155,165,337
155,166,370
155,173,32
155,175,127
155,188,87
155,191,237
155,192,42
156,1,251
156,9,95
156,10,121
156,13,323
156,16,390
156,33,61
156,36,240
156,45,214
156,46,390
156,47,207
156,49,339
156,51,286
156,53,70
156,60,131
156,61,366
156,66,394
156,72,364
156,78,143
156,80,258
156,85,127
156,101,338
156,106,229
156,108,272
156,111,47
156,114,119
156,120,85
156,123,213
156,125,117
156,130,327
156,142,332
156,143,144
156,148,353
156,155,18
156,161,177
156,163,265
156,165,89
156,169,382
156,173,250
156,175,262
156,178,43
156,180,213
156,182,13
156,187,379
156,195,56
156,196,185
156,200,109
157,19,167
157,20,187
157,25,389
157,28,241
157,30,74
157,35,116
157,38,224
157,44,18
157,46,304
157,47,362
157,48,153
157,55,202
157,57,324
157,59,178
157,65,26
157,70,224
157,74,245
157,76,37
157,84,229
157,86,72
157,88,180
157,89,273
157,97,37
157,98,217
157,104,24
157,108,111
157,118,48
157,126,205
157,128,377
157,131,224
157,136,290
157,137,276
157,145,279
157,153,68
157,160,146
157,164,248
157,171,122
157,175,174
157,178,294
157,182,277
157,185,344
157,187,7
157,190,11
157,191,221
157,198,244
157,200,400
158,5,236
158,8,231
158,10,200
158,12,174
158,20,192
158,22,87
158,26,394
158,36,12
158,37,54
158,38,221
158,42,250
158,43,350
158,45,273
158,59,48
158,60,54
158,71,225
158,73,179
158,78,251
158,80,45
158,89,287
158,97,184
158,100,300
158,106,241
158,110,139
158,120,246
158,121,355
158,124,344
158,128,56
158,131,354
158,137,324
158,144,154
158,152,357
158,154,113
158,159,17
158,160,21
158,165,199
158,170,166
158,171,15
158,174,314
158,184,371
158,187,181
158,190,67
158,192,18
158,193,399
158,197,68
158,198,374
159,1,377
159,3,170
159,11,229
159,24,313
159,25,272
159,30,115
159,33,236
159,40,260
159,49,231
159,51,28
159,52,4
159,53,37
159,63,247
159,72,48
159,81,155
159,94,190
159,98,69
159,100,58
159,101,294
159,104,384
159,109,68
159,114,358
159,116,323
159,125,41
159,127,311
159,128,207
159,129,204
159,140,282
159,146,106
159,147,288
159,152,25
159,156,45
159,158,74
159,161,340
159,162,317
159,168,184
159,170,365
159,171,225
159,172,127
159,174,214
159,176,259
159,180,21
159,187,352
159,189,264
159,190,98
159,196,256
160,4,2
160,8,206
160,13,335
160,17,109
160,24,1
160,31,258
160,41,301
160,43,266
160,44,100
160,46,48
160,58,77
160,73,274
160,74,305
160,75,335
160,80,20
160,90,52
160,92,29
160,93,294
160,94,121
160,95,363
160,99,137
160,101,297
160,102,335
160,103,58
160,105,292
160,108,197
160,112,48
160,119,128
160,127,57
160,128,214
160,140,258
160,142,270
160,148,160
160,152,68
160,153,240
160,156,157
160,162,187
160,167,166
160,168,340
160,169,348
160,179,117
160,180,33
160,182,317
160,185,173
160,189,184
160,191,182
161,4,337
161,10,315
161,12,208
161,19,30
161,21,181
161,27,388
161,31,79
161,32,389
161,35,281
161,38,376
161,48,250
161,52,390
161,56,99
161,60,322
161,66,41
161,68,185
161,69,109
161,71,253
161,78,389
161,79,303
161,81,217
161,83,26
161,87,394
161,89,338
161,93,26
161,96,397
161,104,116
161,106,235
161,112,158
161,114,367
161,115,141
161,116,93
161,121,232
161,126,144
161,129,6
161,131,188
161,133,183
161,137,365
161,141,144
161,143,320
161,147,349
161,174,201
161,183,10
161,187,302
161,196,377
161,198,130
162,19,323
162,20,140
162,22,328
162,25,61
162,27,37
162,30,191
162,31,6
162,40,222
162,41,242
162,45,26
162,47,159
162,49,126
162,51,332
162,52,150
162,53,15
162,55,369
162,56,199
162,59,279
162,68,153
162,76,33
162,79,75
162,89,345
162,92,246
162,93,260
162,102,270
162,105,76
162,111,353
162,113,153
162,115,338
162,117,200
162,118,141
162,120,372
162,121,257
162,136,342
162,145,268
162,147,372
162,150,250
162,161,147
162,168,374
162,169,117
162,180,168
162,181,173
162,188,387
162,195,393
162,196,176
162,200,48
163,3,6
163,5,133
163,10,222
163,18,107
163,20,96
163,27,209
163,33,80
163,34,154
163,43,69
163,44,166
163,57,301
163,58,247
163,62,59
163,63,368
163,66,1
163,78,168
163,81,373
163,82,380
163,83,339
163,84,261
163,87,217
163,92,83
163,96,90
163,97,91
163,98,277
163,101,57
163,102,70
163,111,369
163,116,244
163,122,318
163,126,101
163,130,374
163,139,40
163,140,381
163,147,281
163,151,389
163,154,322
163,155,23
163,159,373
163,164,284
163,167,353
163,180,81
163,182,139
163,186,376
163,192,315
163,197,28
164,1,172
164,2,101
164,11,386
164,13,171
164,19,374
164,23,204
164,27,82
164,33,212
164,38,121
164,48,88
164,52,349
164,53,96
164,58,51
164,59,359
164,68,369
164,71,209
164,79,192
164,84,277
164,85,42
164,86,283
164,87,59
164,95,315
164,114,59
164,118,363
164,126,55
164,130,245
164,131,396
164,138,266
164,145,367
164,146,189
164,150,31
164,152,54
164,156,57
164,158,50
164,163,114
164,166,379
164,168,372
164,169,223
164,178,27
164,180,369
164,184,28
164,188,274
164,189,146
164,190,393
164,193,295
164,195,302
165,2,78
165,4,126
165,11,172
165,16,100
165,17,393
165,20,6
165,21,242
165,30,41
165,38,3
165,39,255
165,40,114
165,43,206
165,44,373
165,48,212
165,53,77
165,54,85
165,55,74
165,56,319
165,60,112
165,64,398
165,78,162
165,81,389
165,82,393
165,91,128
165,96,153
165,103,298
165,104,381
165,109,2
165,124,256
165,129,97
165,130,66
165,134,36
165,135,233
165,142,220
165,144,83
165,148,359
165,157,218
165,159,103
165,163,256
165,166,30
165,186,116
165,187,331
165,188,111
165,192,66
165,195,371
165,200,330
166,1,4
166,3,184
166,5,267
166,7,143
166,21,267
166,24,88
166,26,153
166,27,390
166,29,254
166,32,177
166,36,158
166,37,145
166,42,193
166,46,293
166,47,83
166,48,226
166,49,31
166,55,65
166,66,236
166,73,152
166,75,189
166,76,141
166,80,230
166,84,21
166,85,98
166,92,287
166,95,119
166,106,245
166,114,338
166,121,123
166,130,156
166,135,367
166,137,275
166,139,74
166,141,50
166,148,197
166,149,113
166,153,151
166,162,226
166,170,362
166,172,102
166,174,349
166,175,288
166,176,194
166,184,298
166,196,198
167,6,67
167,9,95
167,11,76
167,12,39
167,28,263
167,31,90
167,38,318
167,43,71
167,44,77
167,48,237
167,53,195
167,62,247
167,63,240
167,65,302
167,70,66
167,75,231
167,80,335
167,82,52
167,83,365
167,86,45
167,92,105
167,94,378
167,97,236
167,101,143
167,107,89
167,109,261
167,122,15
167,128,197
167,131,240
167,132,205
167,139,160
167,150,99
167,154,273
167,157,188
167,165,32
167,171,305
167,179,349
167,180,340
167,184,266
167,186,138
167,187,280
167,188,292
167,189,30
167,192,399
167,194,29
167,198,97
168,2,97
168,5,160
168,9,10
168,13,70
168,16,267
168,20,396
168,21,244
168,30,382
168,34,350
168,39,196
168,42,50
168,45,155
168,64,302
168,76,234
168,79,383
168,80,15
168,82,98
168,85,83
168,93,200
168,97,64
168,101,228
168,102,282
168,106,68
168,108,268
168,111,338
168,114,6
168,116,203
168,118,84
168,121,245
168,122,184
168,128,225
168,137,137
168,142,380
168,143,210
168,163,221
168,164,121
168,167,295
168,170,98
168,172,361
168,178,269
168,182,76
168,184,47
168,186,83
168,187,262
168,193,44
168,198,220
169,3,102
169,5,183
169,9,170
169,25,323
169,27,287
169,32,183
169,37,20
169,38,345
169,41,336
169,49,186
169,50,266
169,52,399
169,55,65
169,56,266
169,59,170
169,60,128
169,61,354
169,74,235
169,75,27
169,78,168
169,81,363
169,84,208
169,90,140
169,94,320
169,100,295
169,105,181
169,114,376
169,123,130
169,128,331
169,129,172
169,136,326
169,137,75
169,139,366
169,140,223
169,141,41
169,145,376
169,155,282
169,158,112
169,160,181
169,162,363
169,168,31
169,171,130
169,178,183
169,189,334
169,191,49
169,193,11
170,2,283
170,4,342
170,5,303
170,13,222
170,15,256
170,23,15
170,26,281
170,28,400
170,35,269
170,39,80
170,52,20
170,53,301
170,59,312
170,63,392
170,65,248
170,67,237
170,74,244
170,82,281
170,85,147
170,88,124
170,90,302
170,97,364
170,103,7
170,105,101
170,107,271
170,110,269
170,111,251
170,112,130
170,121,380
170,124,269
170,132,282
170,137,144
170,139,356
170,142,366
170,146,182
170,148,354
170,151,76
170,160,97
170,163,266
170,172,393
170,173,11
170,174,375
170,185,9
170,187,65
170,190,304
170,196,18
171,5,386
171,6,205
171,8,146
171,9,64
171,10,62
171,12,344
171,17,53
171,23,165
171,25,296
171,26,10
171,28,240
171,32,309
171,34,250
171,36,73
171,50,236
171,54,127
171,59,27
171,83,281
171,86,87
171,92,161
171,93,24
171,97,378
171,98,397
171,99,239
171,105,221
171,108,14
171,111,61
171,122,222
171,125,363
171,128,237
171,131,109
171,136,310
171,139,218
171,152,272
171,154,389
171,156,98
171,160,181
171,165,291
171,172,394
171,175,118
171,182,221
171,184,368
171,186,107
171,189,97
171,192,282
171,196,383
172,1,88
172,5,77
172,13,340
172,14,76
172,15,116
172,16,5
172,21,139
172,28,48
172,37,193
172,40,311
172,42,107
172,58,108
172,60,185
172,69,231
172,74,243
172,76,261
172,78,246
172,82,238
172,85,30
172,87,240
172,92,386
172,104,152
172,105,285
172,107,67
172,113,256
172,121,381
172,127,102
172,129,314
172,130,51
172,132,161
172,138,267
172,143,138
172,144,350
172,147,385
172,151,64
172,159,124
172,171,375
172,175,154
172,177,392
172,183,341
172,184,39
172,185,297
172,191,91
172,192,299
172,196,130
172,198,292
173,4,352
173,6,137
173,7,334
173,12,372
173,17,350
173,18,204
173,23,45
173,40,364
173,43,18
173,55,342
173,59,329
173,63,78
173,65,271
173,68,121
173,70,131
173,72,347
173,76,100
173,91,95
173,92,357
173,95,367
173,111,138
173,115,155
173,121,59
173,126,127
173,127,120
173,128,102
173,129,146
173,130,270
173,137,261
173,139,22
173,144,236
173,154,76
173,156,249
173,160,37
173,163,268
173,164,157
173,165,133
173,168,369
173,174,177
173,175,37
173,185,160
173,189,4
173,190,262
173,191,90
173,198,222
173,200,181
174,1,337
174,3,5
174,4,296
174,11,47
174,22,393
174,31,138
174,37,156
174,40,197
174,45,188
174,51,305
174,59,161
174,62,203
174,63,195
174,68,202
174,74,77
174,76,8
174,77,397
174,80,396
174,83,342
174,88,33
174,89,29
174,92,207
174,95,25
174,99,338
174,109,398
174,110,262
174,119,265
174,121,262
174,123,136
174,136,227
174,139,381
174,142,103
174,147,387
174,151,116
174,152,366
174,169,67
174,173,171
174,176,40
174,178,347
174,181,142
174,184,9
174,191,337
174,192,38
174,197,167
174,198,291
174,199,201
175,1,391
175,4,192
175,6,130
175,9,35
175,20,176
175,23,101
175,39,3
175,44,291
175,45,349
175,46,162
175,51,326
175,54,74
175,60,153
175,63,41
175,66,32
175,68,286
175,69,202
175,75,253
175,78,337
175,80,354
175,81,306
175,82,246
175,83,265
175,91,303
175,101,200
175,104,83
175,111,177
175,116,181
175,117,108
175,119,333
175,120,269
175,121,51
175,122,147
175,126,169
175,135,115
175,137,357
175,145,395
175,153,227
175,154,377
175,159,313
175,166,358
175,170,325
175,187,210
175,188,143
175,192,324
175,197,351
176,1,295
176,5,307
176,8,333
176,17,220
176,27,2
176,34,395
176,35,292
176,36,339
176,39,64
176,43,208
176,47,250
176,55,171
176,57,308
176,60,313
176,69,257
176,73,10
176,74,72
176,83,153
176,90,117
176,93,335
176,99,367
176,104,253
176,106,25
176,107,191
176,109,149
176,111,391
176,115,321
176,120,137
176,122,205
176,127,161
176,128,285
176,130,201
176,136,126
176,138,205
176,144,102
176,145,12
176,146,350
176,155,6
176,159,303
176,160,100
176,173,332
176,174,337
176,182,388
176,191,321
176,197,263
176,199,326
177,4,217
177,6,185
177,13,211
177,14,45
177,15,13
177,16,154
177,18,396
177,31,2
177,37,381
177,45,165
177,46,258
177,49,363
177,55,106
177,62,117
177,65,8
177,66,375
177,77,229
177,81,95
177,83,126
177,86,286
177,87,36
177,89,216
177,95,143
177,99,197
177,102,136
177,105,303
177,106,289
177,109,298
177,114,154
177,117,101
177,121,356
177,131,198
177,132,240
177,134,152
177,135,327
177,149,99
177,151,175
177,154,271
177,164,377
177,170,156
177,171,277
177,176,202
177,181,329
177,185,14
177,188,273
177,194,301
178,6,310
178,7,55
178,15,194
178,22,371
178,24,383
178,33,252
178,39,134
178,45,238
178,46,358
178,49,273
178,53,58
178,65,306
178,68,142
178,69,99
178,76,182
178,79,31
178,80,246
178,83,140
178,85,398
178,86,371
178,87,201
178,90,306
178,95,237
178,105,126
178,127,227
178,132,174
178,133,127
178,136,222
178,140,346
178,150,277
178,156,333
178,158,322
178,160,205
178,162,50
178,163,281
178,165,276
178,166,245
178,175,343
178,177,300
178,180,216
178,183,210
178,186,170
178,187,44
178,196,263
178,197,292
178,199,240
179,1,127
179,3,277
179,12,384
179,14,305
179,15,265
179,17,107
179,19,386
179,21,267
179,23,349
179,27,139
179,29,211
179,33,180
179,34,168
179,44,101
179,45,358
179,58,56
179,71,20
179,82,314
179,93,49
179,99,355
179,101,22
179,105,335
179,107,218
179,109,269
179,111,39
179,112,295
179,113,32
179,116,219
179,118,152
179,132,176
179,135,3
179,140,368
179,141,50
179,150,55
179,158,15
179,162,280
179,164,62
179,166,343
179,167,366
179,168,69
179,177,261
179,181,122
179,183,166
179,187,109
179,191,226
179,194,34
180,8,66
180,13,138
180,17,74
180,19,125
180,20,64
180,23,212
180,26,19
180,28,271
180,32,284
180,33,329
180,39,242
180,41,15
180,48,255
180,56,120
180,58,81
180,60,205
180,68,60
180,78,229
180,84,315
180,85,307
180,89,86
180,93,57
180,104,280
180,105,256
180,106,131
180,107,175
180,108,298
180,113,277
180,115,18
180,117,177
180,118,244
180,121,239
180,134,351
180,143,165
180,147,272
180,153,71
180,154,387
180,155,178
180,163,229
180,166,115
180,167,384
180,168,205
180,184,261
180,187,237
180,188,299
180,191,137
181,2,284
181,13,364
181,19,360
181,25,375
181,28,177
181,30,144
181,35,59
181,37,267
181,45,360
181,47,262
181,49,130
181,54,353
181,58,192
181,60,390
181,79,46
181,81,198
181,87,156
181,89,107
181,93,362
181,94,100
181,100,76
181,108,329
181,116,161
181,120,104
181,121,239
181,124,51
181,136,394
181,147,354
181,149,71
181,151,165
181,153,242
181,156,82
181,157,252
181,169,113
181,173,109
181,177,240
181,178,282
181,180,308
181,182,217
181,183,311
181,185,307
181,186,26
181,189,133
181,196,388
181,199,230
181,200,240
182,2,332
182,5,43
182,10,161
182,11,184
182,14,270
182,15,243
182,16,198
182,17,373
182,18,298
182,22,296
182,24,380
182,26,183
182,29,372
182,32,299
182,39,96
182,45,394
182,58,195
182,67,140
182,72,125
182,75,264
182,80,44
182,85,245
182,88,340
182,93,272
182,98,84
182,109,142
182,112,143
182,117,218
182,121,286
182,136,190
182,139,153
182,140,132
182,141,126
182,146,60
182,149,48
182,163,256
182,173,395
182,185,199
182,186,227
182,187,102
182,189,65
182,191,168
182,194,12
182,195,51
182,196,30
182,200,120
183,1,349
183,5,24
183,14,256
183,20,161
183,22,397
183,24,208
183,29,362
183,36,283
183,51,280
183,53,92
183,58,197
183,59,319
183,60,258
183,63,201
183,66,147
183,69,94
183,77,189
183,81,190
183,82,279
183,87,373
183,93,142
183,98,315
183,105,363
183,131,368
183,139,214
183,140,193
183,141,29
183,144,291
183,147,242
183,149,217
183,150,64
183,152,330
183,160,35
183,166,305
183,168,19
183,175,216
183,180,54
183,181,49
183,182,59
183,188,27
183,189,29
183,190,16
183,193,57
183,197,143
183,198,112
183,200,139
184,1,238
184,3,384
184,13,261
184,14,97
184,19,252
184,26,152
184,27,381
184,28,287
184,29,99
184,41,99
184,45,295
184,52,395
184,53,150
184,54,268
184,56,370
184,57,330
184,59,106
184,68,21
184,74,292
184,75,183
184,82,193
184,83,108
184,88,335
184,100,242
184,101,115
184,102,296
184,110,370
184,111,307
184,112,383
184,113,362
184,118,388
184,122,252
184,128,130
184,131,319
184,135,277
184,136,82
184,141,306
184,142,102
184,144,29
184,155,173
184,163,265
184,170,327
184,175,181
184,188,328
184,190,218
184,197,81
185,6,270
185,7,378
185,11,109
185,15,149
185,18,294
185,19,57
185,29,205
185,36,51
185,43,233
185,45,20
185,46,340
185,57,265
185,58,207
185,62,392
185,70,300
185,73,314
185,74,214
185,82,53
185,86,192
185,101,152
185,108,248
185,109,115
185,110,73
185,114,77
185,118,286
185,119,91
185,120,346
185,125,203
185,127,164
185,130,334
185,135,262
185,138,357
185,145,187
185,151,202
185,157,311
185,160,106
185,167,387
185,173,177
185,174,293
185,180,232
185,184,101
185,186,347
185,195,261
185,196,129
185,197,188
185,198,247
186,3,212
186,4,394
186,5,10
186,7,223
186,8,231
186,10,103
186,16,168
186,20,206
186,27,295
186,30,268
186,31,83
186,41,210
186,44,327
186,46,263
186,50,326
186,65,263
186,68,347
186,72,287
186,73,374
186,81,186
186,85,245
186,88,132
186,91,120
186,105,42
186,111,323
186,119,382
186,122,396
186,124,304
186,125,144
186,127,168
186,128,393
186,133,254
186,135,14
186,138,115
186,140,277
186,141,335
186,144,74
186,148,389
186,152,307
186,156,346
186,163,1
186,166,128
186,171,88
186,184,135
186,185,205
186,188,250
187,2,10
187,9,345
187,10,361
187,11,323
187,12,173
187,14,353
187,18,79
187,34,30
187,36,107
187,44,339
187,50,117
187,55,380
187,56,13
187,61,121
187,67,382
187,72,335
187,73,313
187,76,206
187,84,355
187,92,382
187,97,170
187,107,333
187,109,299
187,113,283
187,114,36
187,121,165
187,123,182
187,126,60
187,128,354
187,129,23
187,132,212
187,135,155
187,136,164
187,137,118
187,139,309
187,152,159
187,157,62
187,171,188
187,175,261
187,181,201
187,182,184
187,184,42
187,190,376
187,193,248
187,196,285
187,200,43
188,2,361
188,5,93
188,6,363
188,7,354
188,11,319
188,18,235
188,19,197
188,20,174
188,21,306
188,22,231
188,33,1
188,39,107
188,41,374
188,46,55
188,49,178
188,50,210
188,57,246
188,65,286
188,66,121
188,67,267
188,75,272
188,78,348
188,80,162
188,81,299
188,88,214
188,92,242
188,93,139
188,94,266
188,96,212
188,112,93
188,115,42
188,119,11
188,129,21
188,133,117
188,135,107
188,143,313
188,148,68
188,149,101
188,153,352
188,154,389
188,163,237
188,169,319
188,173,120
188,176,230
188,185,1
188,187,1
189,1,286
189,8,86
189,13,66
189,16,307
189,17,122
189,23,124
189,26,330
189,41,190
189,42,83
189,43,205
189,49,58
189,69,135
189,74,351
189,83,319
189,90,32
189,93,60
189,103,192
189,110,51
189,111,160
189,114,282
189,115,188
189,118,127
189,122,215
189,123,390
189,124,210
189,128,350
189,133,241
189,135,9
189,139,161
189,141,46
189,143,112
189,147,81
189,148,247
189,150,260
189,152,15
189,157,20
189,159,135
189,163,184
189,168,148
189,169,306
189,170,199
189,175,159
189,177,365
189,181,178
189,186,245
189,193,1
190,1,161
190,5,306
190,7,227
190,8,212
190,9,345
190,14,174
190,16,250
190,21,21
190,27,342
190,32,364
190,35,394
190,38,18
190,39,40
190,45,89
190,49,257
190,52,94
190,54,1
190,55,202
190,60,26
190,63,194
190,65,239
190,72,160
190,77,266
190,87,172
190,102,375
190,107,202
190,113,387
190,129,310
190,130,198
190,132,385
190,134,312
190,140,92
190,147,97
190,148,400
190,152,74
190,155,77
190,159,224
190,172,260
190,173,85
190,177,231
190,178,106
190,179,351
190,180,298
190,188,322
190,192,243
190,200,17
191,8,145
191,13,11
191,14,11
191,15,215
191,25,130
191,26,319
191,27,142
191,28,274
191,29,351
191,31,400
191,33,176
191,34,307
191,43,237
191,46,201
191,55,94
191,57,312
191,61,70
191,62,365
191,65,381
191,66,163
191,73,73
191,76,255
191,81,68
191,84,246
191,85,258
191,94,33
191,95,367
191,99,163
191,115,243
191,116,126
191,124,196
191,131,371
191,133,267
191,135,12
191,140,331
191,144,366
191,150,169
191,158,87
191,161,379
191,169,216
191,170,17
191,174,157
191,183,178
191,184,350
191,196,153
191,197,67
192,1,338
192,3,320
192,9,256
192,10,358
192,13,15
192,23,288
192,24,117
192,29,215
192,30,90
192,37,254
192,38,260
192,39,142
192,52,15
192,54,99
192,68,150
192,69,345
192,75,355
192,90,343
192,94,19
192,96,230
192,99,151
192,105,107
192,107,57
192,108,354
192,109,19
192,111,38
192,112,364
192,114,173
192,117,311
192,119,224
192,123,5
192,126,115
192,127,121
192,134,352
192,135,359
192,139,159
192,141,327
192,146,392
192,148,362
192,163,306
192,167,351
192,173,292
192,179,93
192,189,70
192,194,28
192,200,273
193,1,22
193,4,222
193,5,393
193,6,171
193,9,231
193,10,25
193,12,143
193,15,314
193,19,310
193,25,253
193,33,397
193,39,150
193,45,65
193,54,223
193,55,47
193,57,306
193,60,391
193,62,358
193,63,335
193,66,325
193,75,194
193,79,205
193,80,117
193,85,382
193,91,20
193,98,184
193,99,395
193,103,346
193,105,230
193,109,254
193,117,76
193,126,170
193,129,383
193,133,237
193,138,354
193,140,360
193,146,250
193,149,240
193,157,283
193,167,105
193,172,114
193,175,36
193,178,386
193,187,192
193,195,40
193,197,88
194,5,259
194,7,349
194,10,294
194,14,5
194,19,330
194,22,336
194,23,264
194,25,346
194,31,74
194,36,208
194,37,306
194,41,30
194,42,325
194,53,195
194,55,260
194,57,274
194,63,122
194,68,6
194,69,145
194,76,333
194,77,353
194,84,159
194,87,174
194,90,39
194,92,151
194,98,373
194,100,395
194,103,145
194,104,320
194,108,388
194,111,291
194,118,131
194,119,2
194,122,190
194,128,246
194,129,96
194,131,215
194,132,358
194,138,237
194,141,165
194,142,120
194,145,229
194,171,76
194,173,165
194,180,137
194,181,194
195,3,338
195,15,212
195,17,152
195,18,143
195,19,125
195,21,310
195,27,19
195,28,320
195,29,106
195,30,329
195,32,288
195,40,37
195,42,360
195,48,228
195,56,286
195,58,36
195,59,242
195,60,241
195,61,329
195,69,311
195,71,15
195,74,55
195,80,210
195,83,161
195,85,356
195,92,72
195,108,69
195,110,221
195,113,66
195,116,303
195,119,205
195,139,31
195,140,308
195,142,214
195,143,195
195,146,238
195,156,15
195,163,258
195,171,210
195,172,20
195,179,146
195,180,368
195,185,374
195,186,93
195,197,180
195,198,279
196,3,91
196,4,348
196,10,253
196,24,371
196,26,60
196,34,394
196,40,359
196,42,316
196,48,219
196,52,354
196,54,192
196,55,68
196,64,270
196,68,181
196,70,106
196,74,135
196,77,84
196,85,109
196,87,287
196,93,41
196,94,173
196,100,3
196,104,145
196,105,74
196,107,36
196,110,388
196,115,122
196,116,19
196,125,221
196,126,83
196,127,290
196,129,386
196,130,19
196,131,353
196,135,244
196,138,300
196,146,89
196,154,322
196,161,65
196,179,67
196,182,192
196,185,124
196,187,216
196,188,7
196,191,170
196,195,391
197,2,104
197,7,32
197,8,132
197,9,197
197,12,149
197,14,148
197,16,355
197,18,289
197,29,129
197,36,54
197,41,68
197,56,119
197,57,263
197,65,244
197,66,230
197,70,393
197,71,241
197,75,280
197,82,380
197,84,37
197,89,287
197,91,43
197,94,376
197,106,121
197,109,174
197,113,168
197,120,335
197,122,186
197,123,131
197,125,161
197,126,136
197,128,164
197,129,396
197,131,352
197,133,36
197,136,158
197,145,243
197,149,358
197,163,160
197,165,369
197,168,151
197,171,339
197,173,265
197,175,313
197,190,128
197,200,16
198,3,185
198,5,188
198,10,392
198,14,315
198,16,290
198,17,374
198,19,88
198,25,63
198,33,50
198,41,281
198,50,152
198,60,108
198,70,115
198,77,1
198,83,333
198,85,97
198,86,188
198,87,127
198,96,29
198,100,314
198,101,246
198,109,376
198,119,150
198,122,228
198,124,398
198,127,293
198,128,157
198,134,391
198,136,215
198,137,235
198,139,334
198,140,377
198,144,243
198,150,119
198,152,106
198,153,108
198,159,46
198,163,167
198,168,229
198,169,254
198,173,182
198,180,53
198,182,62
198,187,333
198,190,138
198,193,311
199,7,328
199,11,366
199,12,311
199,17,161
199,22,247
199,25,357
199,29,283
199,35,94
199,36,180
199,43,209
199,44,83
199,49,90
199,55,224
199,59,257
199,65,172
199,70,4
199,80,385
199,84,94
199,86,92
199,87,153
199,88,226
199,101,342
199,104,372
199,110,126
199,113,298
199,117,88
199,119,152
199,120,296
199,124,212
199,125,26
199,131,13
199,134,93
199,140,197
199,143,28
199,146,58
199,151,51
199,152,177
199,157,170
199,158,223
199,163,73
199,166,294
199,167,112
199,176,260
199,179,252
199,187,163
199,195,221
200,6,41
200,10,160
200,11,312
200,15,139
200,17,216
200,27,209
200,30,292
200,32,161
200,35,211
200,53,377
200,56,61
200,57,60
200,61,343
200,62,209
200,64,128
200,72,288
200,75,51
200,79,138
200,80,262
200,93,362
200,94,290
200,97,100
200,99,31
200,112,303
200,117,116
200,125,351
200,126,24
200,127,367
200,136,351
200,137,352
200,146,243
200,147,140
200,150,195
200,154,140
200,155,167
200,159,275
200,162,16
200,163,173
200,165,20
200,179,166
200,180,140
200,182,70
200,183,274
200,184,296
200,195,88
200,197,300
